participant_id,TRIAL_INDEX,image_id,voice_id,aoi_type,CURRENT_FIX_X,CURRENT_FIX_Y,distance_from_center,CURRENT_FIX_START,CURRENT_FIX_DURATION,CURRENT_FIX_INTEREST_AREA_LABEL
P45,19,IMG_11,PNA,object,792.0,609.7,185.8009687811127,5488,304,o_tabla_child_play_tabla
P45,20,IMG_10,PNA,subject,819.0,504.0,122.11506868523638,6792,142,s_boy_boy_opened_door
P45,21,IMG_09,PNA,object,923.5,615.8,118.40042229654416,5564,2470,o_bucket_boy_filled_bucket
P45,22,IMG_16,ACT,object,999.8,744.5,252.73519739047032,5404,124,o_dog_girl_fed_dog
P45,23,IMG_14,ACT,object,959.6,693.1,195.2877876366057,6045,191,o_scooter_driver_wash_scooter
P45,24,IMG_07,ACT,object,1052.6,480.1,113.13938306354679,6154,204,o_picture_artiste_drew_picture
P45,25,IMG_03,PWA,subject,955.9,728.6,230.38233439220122,5868,14,.
P45,26,IMG_12,PWA,subject,1047.0,518.5,107.83339000513709,5532,124,s_child_child_throw_frisbee
P45,27,IMG_08,PWA,subject,794.2,450.1,154.63570092316968,9534,152,s_boy_boy_broke_vase
P45,28,IMG_05,PNA,object,1108.4,457.4,172.4194014605086,5984,228,o_box_man_pushed_box
P45,29,IMG_04,PNA,object,841.7,636.7,170.01320536946537,6050,148,o_shrub_man_cut_shrub
P45,30,IMG_02,PNA,object,1164.3,495.6,223.32151710034566,5422,206,o_window_girl_opened_window
P45,31,IMG_13,ACT,subject,935.3,645.2,146.61084543784617,5500,38,s_dog_dog_dug_hole
P45,32,IMG_18,ACT,object,941.4,718.9,220.20036330578566,5666,128,o_veg_boy_cut_vegetables
P45,33,IMG_15,ACT,object,984.2,623.0,131.59304692877967,6178,794,o_cake_girl_baked_cake
P45,34,IMG_06,PWA,object,956.0,638.1,140.2047074815964,6360,178,o_clothes_woman_folded_clothes
P45,35,IMG_17,PWA,object,1086.8,733.7,276.5549493319547,5464,484,o_letter_woman_read_letter
P45,36,IMG_01,PWA,object,736.6,527.7,206.44699077487178,6130,280,o_lamp_girl_light_lamp
edf01,19,IMG_17,PWA,subject,1030.5,549.1,102.71518875025252,6678,138,s_woman_woman_read_letter
edf01,20,IMG_09,PWA,subject,1002.9,360.6,151.33809830971177,7068,306,s_boy_boy_filled_bucket
edf01,21,IMG_06,ACT,subject,1257.6,330.5,358.50634582947055,5940,178,.
edf01,22,IMG_10,PWA,subject,852.3,430.0,112.19349357248845,6010,194,s_boy_boy_opened_door
edf01,23,IMG_01,PNA,object,802.3,480.9,139.83751284973576,5308,170,o_lamp_girl_light_lamp
edf01,24,IMG_14,PNA,object,1085.7,813.4,346.3728915489779,5788,292,o_scooter_driver_wash_scooter
edf01,25,IMG_05,ACT,subject,949.1,337.4,161.50325074127767,5780,2094,s_man_man_pushed_box
edf01,26,IMG_03,ACT,object,719.8,587.4,238.3214845539529,5552,190,o_tree_girl_plant_tree
edf01,27,IMG_04,ACT,object,785.4,391.1,189.18012580606876,6288,1196,o_shrub_man_cut_shrub
edf01,28,IMG_13,PWA,subject,1011.8,691.7,205.57636050869277,5480,176,.
edf01,29,IMG_12,ACT,object,829.8,336.2,196.90528179812753,5762,476,o_frisbee_child_throw_frisbee
edf01,30,IMG_11,ACT,object,776.7,586.1,186.10010746907156,5514,272,o_tabla_child_play_tabla
edf01,31,IMG_07,PWA,object,1077.2,510.6,136.71887214280264,5480,212,o_picture_artiste_drew_picture
edf01,32,IMG_15,PNA,subject,733.8,530.9,209.68710022316588,5657,207,.
edf01,33,IMG_02,PWA,object,1186.2,539.4,248.55488327530404,5674,364,o_window_girl_opened_window
edf01,34,IMG_16,PNA,object,1001.6,657.0,169.5029498268393,6150,278,o_dog_girl_fed_dog
edf01,35,IMG_18,ACT,object,887.5,684.8,193.63744472596198,5650,92,o_veg_boy_cut_vegetables
edf01,36,IMG_08,PNA,object,1175.0,657.2,282.6274048991003,7334,114,o_vase_boy_broke_vase
edf03,19,IMG_17,PNA,subject,917.0,349.5,151.1179671647286,5644,230,s_woman_woman_read_letter
edf03,20,IMG_09,PNA,object,854.7,397.9,132.6963827690868,6226,166,o_bucket_boy_filled_bucket
edf03,21,IMG_06,PNA,object,824.3,618.3,167.1019150099723,5702,456,o_clothes_woman_folded_clothes
edf03,22,IMG_10,ACT,subject,838.0,393.0,147.5855345215106,6224,484,s_boy_boy_opened_door
edf03,23,IMG_01,ACT,object,729.3,512.1,212.12366676068945,5448,232,o_lamp_girl_light_lamp
edf03,24,IMG_14,ACT,subject,628.4,477.9,313.2912383071062,5664,76,s_driver_driver_wash_scooter
edf03,25,IMG_05,PWA,subject,907.5,319.1,182.69759166447705,5620,72,s_man_man_pushed_box
edf03,26,IMG_03,PWA,subject,943.9,377.2,121.53460412573861,5958,208,s_girl_girl_plant_tree
edf03,27,IMG_04,PWA,object,655.9,472.7,286.28309415681537,5372,228,o_shrub_man_cut_shrub
edf03,28,IMG_13,PNA,object,955.2,744.6,246.30966282304075,6128,592,o_hole_dog_dug_hole
edf03,29,IMG_12,PNA,subject,630.3,485.3,310.9888261658287,5726,176,.
edf03,30,IMG_11,PNA,object,838.8,521.2,104.64745577413724,6324,130,o_tabla_child_play_tabla
edf03,31,IMG_07,ACT,object,997.8,401.2,112.8383356842877,6472,132,o_picture_artiste_drew_picture
edf03,32,IMG_15,ACT,subject,827.2,342.2,193.5011369475642,6130,334,s_girl_girl_baked_cake
edf03,33,IMG_02,ACT,subject,812.2,421.6,150.11279092735563,5816,142,s_girl_girl_opened_window
edf03,34,IMG_16,PWA,subject,768.6,361.7,220.20617611683826,6224,436,s_girl_girl_fed_dog
edf03,35,IMG_18,PWA,object,926.1,677.5,179.41975922400522,6052,98,o_veg_boy_cut_vegetables
edf03,36,IMG_08,PWA,subject,705.1,343.4,282.43034539510796,5730,344,s_boy_boy_broke_vase
edf04,19,IMG_17,ACT,subject,975.1,347.3,155.19268668336144,7016,360,s_woman_woman_read_letter
edf04,20,IMG_09,ACT,subject,1025.5,317.8,199.66236500652792,5992,460,s_boy_boy_filled_bucket
edf04,21,IMG_06,ACT,subject,977.3,364.5,139.022767919503,6230,326,s_woman_woman_folded_clothes
edf04,22,IMG_10,PWA,subject,870.5,417.1,107.83696026873159,6230,776,s_boy_boy_opened_door
edf04,23,IMG_01,PWA,object,795.7,485.2,145.92580306443404,5786,144,o_lamp_girl_light_lamp
edf04,24,IMG_14,PWA,subject,761.6,170.9,373.6806122880875,6746,834,s_driver_driver_wash_scooter
edf04,25,IMG_05,PNA,subject,906.5,263.8,237.42000758150098,5820,642,s_man_man_pushed_box
edf04,26,IMG_03,PNA,object,716.5,718.0,313.8355301746442,5980,250,o_tree_girl_plant_tree
edf04,27,IMG_04,PNA,object,764.5,426.6,190.65849050068553,6774,224,o_shrub_man_cut_shrub
edf04,28,IMG_13,ACT,subject,903.7,611.3,118.61724157979728,6936,474,s_dog_dog_dug_hole
edf04,29,IMG_12,ACT,subject,1109.0,351.8,223.16722429604218,5728,464,s_child_child_throw_frisbee
edf04,30,IMG_11,ACT,object,770.2,584.5,191.13942555108818,5792,114,o_tabla_child_play_tabla
edf04,31,IMG_07,PWA,object,1054.6,493.8,113.70562870852075,5652,222,o_picture_artiste_drew_picture
edf04,32,IMG_15,PWA,subject,902.8,383.3,121.55821650550817,6456,494,s_girl_girl_baked_cake
edf04,33,IMG_02,PWA,object,1188.9,488.9,248.093631518425,6324,512,o_window_girl_opened_window
edf04,34,IMG_16,PNA,object,969.4,660.2,163.9780778031015,5706,188,o_dog_girl_fed_dog
edf04,35,IMG_18,PNA,object,906.0,792.6,295.9767051644437,5500,344,o_veg_boy_cut_vegetables
edf04,36,IMG_08,PNA,object,909.4,362.0,140.30484667323506,6222,176,o_vase_boy_broke_vase
edf05,19,IMG_17,PWA,object,1098.5,586.0,180.07648375065523,6846,158,o_letter_woman_read_letter
edf05,20,IMG_09,PWA,subject,1030.2,354.1,169.8993819882815,6542,218,s_boy_boy_filled_bucket
edf05,21,IMG_06,PWA,object,880.2,665.7,177.7234931009404,6062,250,o_clothes_woman_folded_clothes
edf05,22,IMG_10,PNA,subject,882.4,375.3,136.60717404294695,6340,890,s_boy_boy_opened_door
edf05,23,IMG_01,PNA,object,812.4,495.9,128.63047850334698,6044,202,o_lamp_girl_light_lamp
edf05,24,IMG_14,PNA,subject,743.7,300.3,279.80323443448606,5866,264,s_driver_driver_wash_scooter
edf05,25,IMG_05,ACT,subject,918.6,294.6,205.3255220375684,5730,132,s_man_man_pushed_box
edf05,26,IMG_03,ACT,subject,808.8,347.9,200.5429629780113,7152,664,.
edf05,27,IMG_04,ACT,object,801.6,420.0,160.08138555122514,5840,214,o_shrub_man_cut_shrub
edf05,28,IMG_13,PWA,subject,1006.0,693.9,205.7377942916663,6818,536,.
edf05,29,IMG_12,PWA,subject,1097.9,279.4,269.64810401706893,6006,342,s_child_child_throw_frisbee
edf05,30,IMG_11,PWA,subject,974.2,294.0,207.37485382755548,5716,636,s_child_child_play_tabla
edf05,31,IMG_07,PNA,object,1054.1,450.7,122.86419331929046,5924,202,o_picture_artiste_drew_picture
edf05,32,IMG_15,PNA,subject,891.4,319.2,186.22677036344695,5970,1302,s_girl_girl_baked_cake
edf05,33,IMG_02,PNA,subject,889.6,375.6,133.40003748125406,5770,192,s_girl_girl_opened_window
edf05,34,IMG_16,ACT,object,956.6,605.2,107.63647151407376,5774,184,o_dog_girl_fed_dog
edf05,35,IMG_18,ACT,object,878.7,811.1,318.5514872041881,6190,252,o_veg_boy_cut_vegetables
edf05,36,IMG_08,ACT,object,869.1,341.3,173.04441626357087,7138,222,o_vase_boy_broke_vase
edf06,19,IMG_17,PNA,subject,1042.2,547.3,112.2648653853912,6230,118,s_woman_woman_read_letter
edf06,20,IMG_09,PNA,object,931.4,612.0,113.70598049355189,6176,256,o_bucket_boy_filled_bucket
edf06,21,IMG_06,PNA,object,950.0,658.6,160.15308301746805,6454,208,o_clothes_woman_folded_clothes
edf06,22,IMG_10,ACT,object,1041.5,478.4,102.52970301332195,6534,178,o_door_boy_opened_door
edf06,23,IMG_01,ACT,subject,1051.8,478.9,112.555230886885,5872,150,s_girl_girl_lit_lamp
edf06,24,IMG_14,ACT,subject,767.8,496.0,173.22104375623655,5488,6,s_driver_driver_wash_scooter
edf06,25,IMG_05,PWA,subject,771.0,528.7,172.6267650163207,5858,312,s_man_man_pushed_box
edf06,26,IMG_03,PWA,subject,1089.8,464.5,152.67966465774015,6406,184,s_girl_girl_plant_tree
edf06,27,IMG_04,PWA,subject,969.9,233.8,266.47179963365727,6534,340,s_man_man_cut_shrub
edf06,28,IMG_13,PNA,object,1074.0,734.7,270.89665926326967,6742,290,o_hole_dog_dug_hole
edf06,29,IMG_12,PNA,subject,908.4,381.6,121.55315709598001,6108,130,.
edf06,30,IMG_11,PNA,object,781.6,629.3,206.06969694741628,5928,286,o_tabla_child_play_tabla
edf06,31,IMG_07,ACT,subject,701.8,386.5,264.2072671218565,5740,216,s_artiste_artiste_drew_picture
edf06,32,IMG_15,ACT,subject,884.5,376.6,134.5386933190597,6124,256,s_girl_girl_baked_cake
edf06,33,IMG_02,ACT,subject,865.7,384.9,136.45706284395834,6338,384,s_girl_girl_opened_window
edf06,34,IMG_16,PWA,object,978.3,620.0,126.90539783634107,6088,144,o_dog_girl_fed_dog
edf06,35,IMG_18,PWA,object,981.3,829.1,332.8486893469764,6286,302,o_veg_boy_cut_vegetables
edf06,36,IMG_08,PWA,subject,709.1,334.6,284.08875373727835,7114,666,s_boy_boy_broke_vase
edf07,19,IMG_17,ACT,subject,986.8,390.7,117.31001662262263,6162,912,s_woman_woman_read_letter
edf07,20,IMG_09,ACT,subject,959.9,208.3,291.01438108794554,5949,395,s_boy_boy_filled_bucket
edf07,21,IMG_06,ACT,subject,1002.8,292.0,215.7408862501496,5307,4081,s_woman_woman_folded_clothes
edf07,22,IMG_10,PWA,subject,912.4,336.3,164.899120676855,6222,1928,.
edf07,23,IMG_01,PWA,subject,1001.8,318.8,189.89641913422167,5587,219,s_girl_girl_lit_lamp
edf07,24,IMG_14,PWA,subject,774.7,138.9,396.3732205888788,5290,514,s_driver_driver_wash_scooter
edf07,25,IMG_05,PNA,subject,968.8,148.5,351.30169370499766,5569,3595,.
edf07,26,IMG_03,PNA,subject,939.0,319.8,178.91117908057058,5996,226,s_girl_girl_plant_tree
edf07,27,IMG_04,PNA,object,839.5,397.0,143.68416753421374,5768,382,o_shrub_man_cut_shrub
edf07,28,IMG_13,ACT,subject,767.8,695.4,262.08611180297214,6018,36,.
edf07,29,IMG_12,ACT,subject,958.7,259.7,239.65452217723745,5618,226,.
edf07,30,IMG_11,ACT,object,829.6,554.8,124.72838490095184,5686,152,o_tabla_child_play_tabla
edf07,31,IMG_07,PWA,subject,632.0,209.0,423.56474121437446,5524,210,s_artiste_artiste_drew_picture
edf07,32,IMG_15,PWA,subject,922.9,278.3,221.14196797532574,5874,2204,s_girl_girl_baked_cake
edf07,33,IMG_02,PWA,subject,905.3,387.2,117.07578741994436,5852,468,s_girl_girl_opened_window
edf07,34,IMG_16,PNA,subject,867.8,388.7,132.12963331516517,6724,328,s_girl_girl_fed_dog
edf07,35,IMG_18,PNA,subject,973.2,250.5,250.28000319641998,5459,2605,s_boy_boy_cut_vegetables
edf07,36,IMG_08,PNA,subject,721.4,381.0,249.15346676295718,6316,398,s_boy_boy_broke_vase
edf08,19,IMG_17,PWA,subject,974.3,352.3,150.1394351927567,6230,234,s_woman_woman_read_letter
edf08,20,IMG_09,PWA,object,905.7,594.6,102.19050836550332,5662,624,o_bucket_boy_filled_bucket
edf08,21,IMG_06,PWA,subject,963.5,311.3,188.74588737241402,5612,140,s_woman_woman_folded_clothes
edf08,22,IMG_10,PNA,subject,861.5,371.5,150.0002999997,8408,1466,s_boy_boy_opened_door
edf08,23,IMG_01,PNA,object,817.5,510.2,124.03426945808162,6376,238,o_lamp_girl_light_lamp
edf08,24,IMG_14,PNA,object,1018.0,396.9,127.6410592246868,6692,172,o_scooter_driver_wash_scooter
edf08,25,IMG_05,ACT,object,1124.1,434.6,193.99592779231207,5626,228,o_box_man_pushed_box
edf08,26,IMG_03,ACT,subject,981.8,396.0,110.50760154849074,5970,166,s_girl_girl_plant_tree
edf08,27,IMG_04,ACT,object,822.6,459.2,124.81510325277144,5932,224,o_shrub_man_cut_shrub
edf08,28,IMG_13,PWA,subject,1003.2,683.1,194.60781073739054,6400,308,.
edf08,29,IMG_12,PWA,subject,1065.7,436.8,139.21817410094133,5588,48,s_child_child_throw_frisbee
edf08,30,IMG_11,PWA,object,757.7,580.2,200.60194415807638,6210,378,o_tabla_child_play_tabla
edf08,31,IMG_07,PNA,object,1032.4,433.8,112.09803744936846,5896,322,o_picture_artiste_drew_picture
edf08,32,IMG_15,PNA,subject,895.9,301.9,201.90158493682017,6236,814,s_girl_girl_baked_cake
edf08,33,IMG_02,PNA,object,1089.8,431.2,163.39427774558075,5890,22,o_window_girl_opened_window
edf08,34,IMG_16,ACT,object,983.8,682.8,189.00965583800206,6012,230,o_dog_girl_fed_dog
edf08,35,IMG_18,ACT,object,925.0,792.4,294.1354959878185,5878,966,o_veg_boy_cut_vegetables
edf08,36,IMG_08,ACT,object,964.2,375.7,125.16884596416155,5694,4511,o_vase_boy_broke_vase
edf09,19,IMG_17,PNA,subject,961.5,346.6,153.4752748816564,5602,186,s_woman_woman_read_letter
edf09,20,IMG_09,PNA,subject,973.8,376.9,126.13912953560445,6406,332,s_boy_boy_filled_bucket
edf09,21,IMG_06,PNA,object,915.7,606.6,110.82644088844505,6124,292,o_clothes_woman_folded_clothes
edf09,22,IMG_10,ACT,subject,877.8,389.3,126.3431834330606,6150,346,s_boy_boy_opened_door
edf09,23,IMG_01,ACT,subject,991.4,311.0,194.34878440576878,6752,358,s_girl_girl_lit_lamp
edf09,24,IMG_14,ACT,object,883.6,330.5,177.7245059073171,6228,366,o_scooter_driver_wash_scooter
edf09,25,IMG_05,PWA,object,1089.4,379.6,190.28234284872576,5942,406,o_box_man_pushed_box
edf09,26,IMG_03,PWA,object,756.3,532.9,187.83963905416775,6146,212,o_tree_girl_plant_tree
edf09,27,IMG_04,PWA,object,860.4,437.5,101.20177864049624,5954,242,o_shrub_man_cut_shrub
edf09,28,IMG_13,PNA,subject,979.9,637.6,144.24430664674432,6282,232,s_dog_dog_dug_hole
edf09,29,IMG_12,PNA,subject,979.0,396.3,109.22344070756971,6086,174,.
edf09,30,IMG_11,PNA,object,795.3,523.5,147.79556826914674,6232,162,o_tabla_child_play_tabla
edf09,31,IMG_07,ACT,object,1051.5,296.7,230.2482356067034,7400,266,o_picture_artiste_drew_picture
edf09,32,IMG_15,ACT,subject,892.4,343.7,162.44063531025728,6588,246,s_girl_girl_baked_cake
edf09,33,IMG_02,ACT,subject,895.0,396.3,112.25756099256742,6046,440,s_girl_girl_opened_window
edf09,34,IMG_16,PWA,object,942.6,685.0,186.30687051206672,6058,304,o_dog_girl_fed_dog
edf09,35,IMG_18,PWA,object,907.9,657.0,161.72352951874382,6160,148,o_veg_boy_cut_vegetables
edf09,36,IMG_08,PWA,subject,724.3,401.7,237.41922837040815,6616,888,s_boy_boy_broke_vase
edf10,19,IMG_17,ACT,subject,742.5,402.3,220.66991185931985,6147,155,s_woman_woman_read_letter
edf10,20,IMG_09,ACT,subject,1026.0,299.9,216.2092504959027,5836,196,s_boy_boy_filled_bucket
edf10,21,IMG_06,ACT,subject,438.2,843.4,609.6112941867137,5692,108,.
edf10,22,IMG_10,PWA,subject,850.7,354.7,169.97085044206844,5868,128,s_boy_boy_opened_door
edf10,23,IMG_01,PWA,subject,980.2,250.1,251.67161143045118,5558,206,s_girl_girl_lit_lamp
edf10,24,IMG_14,PWA,object,918.4,370.1,130.57074710669306,5988,428,o_scooter_driver_wash_scooter
edf10,25,IMG_05,PNA,subject,830.3,366.0,172.81140008691557,5610,142,s_man_man_pushed_box
edf10,26,IMG_03,PNA,object,712.5,707.2,309.3291127585634,5932,254,o_tree_girl_plant_tree
edf10,27,IMG_04,PNA,object,782.5,542.4,164.41392885032582,6242,150,o_shrub_man_cut_shrub
edf10,28,IMG_13,ACT,subject,836.7,594.9,141.89055641585168,6208,446,s_dog_dog_dug_hole
edf10,29,IMG_12,ACT,subject,1147.7,51.0,493.1127457286011,6136,56,.
edf10,30,IMG_11,ACT,subject,375.0,746.7,617.9482178953185,6508,28,.
edf10,31,IMG_07,PWA,subject,813.0,365.2,184.9493173818168,6140,140,s_artiste_artiste_drew_picture
edf10,32,IMG_15,PWA,subject,624.8,731.3,392.536877248495,5802,166,.
edf10,33,IMG_02,PWA,subject,898.9,341.3,162.9330230493499,5828,256,s_girl_girl_opened_window
edf10,34,IMG_16,PNA,subject,788.3,377.0,195.2643848734326,5500,146,s_girl_girl_fed_dog
edf10,35,IMG_18,PNA,subject,975.0,380.9,122.60848257767486,5498,206,s_boy_boy_cut_vegetables
edf10,36,IMG_08,PNA,object,871.2,414.8,109.13867325563376,5568,234,o_vase_boy_broke_vase
edf11,19,IMG_17,PWA,subject,940.5,369.5,129.20096748863762,5906,352,s_woman_woman_read_letter
edf11,20,IMG_09,PWA,subject,997.6,350.8,158.36025385177933,6470,454,s_boy_boy_filled_bucket
edf11,21,IMG_06,PWA,subject,943.6,327.9,170.8197880808895,8866,1824,s_woman_woman_folded_clothes
edf11,22,IMG_10,PNA,subject,844.9,441.3,111.93734854819459,5216,272,s_boy_boy_opened_door
edf11,23,IMG_01,PNA,object,727.1,500.6,213.90843835622752,5698,274,o_lamp_girl_light_lamp
edf11,24,IMG_14,PNA,subject,751.3,193.9,359.0113229412131,6236,464,s_driver_driver_wash_scooter
edf11,25,IMG_05,ACT,subject,913.3,361.6,139.87029706124167,5796,150,s_man_man_pushed_box
edf11,26,IMG_03,ACT,object,629.6,684.3,362.5152686439565,5888,304,o_tree_girl_plant_tree
edf11,27,IMG_04,ACT,object,774.8,366.1,212.61514527427252,5530,30,o_shrub_man_cut_shrub
edf11,28,IMG_13,PWA,subject,1309.2,217.2,463.4797622334766,5412,146,.
edf11,29,IMG_12,PWA,subject,1055.7,347.6,189.70318921936976,5522,1120,s_child_child_throw_frisbee
edf11,30,IMG_11,PWA,subject,774.6,289.7,267.1515674668595,5939,15,.
edf11,31,IMG_07,PNA,subject,816.6,459.0,130.58120079092546,5474,168,s_artiste_artiste_drew_picture
edf11,32,IMG_15,PNA,subject,882.5,386.8,126.26899857051214,6456,290,s_girl_girl_baked_cake
edf11,33,IMG_02,PNA,object,1200.2,510.8,259.4822729975981,5978,4992,o_window_girl_opened_window
edf11,34,IMG_16,ACT,subject,961.3,343.7,156.32367063244132,5416,148,.
edf11,35,IMG_18,ACT,object,920.1,771.2,273.3003110133613,6250,274,o_veg_boy_cut_vegetables
edf11,36,IMG_08,ACT,subject,989.9,252.6,250.91117950382363,5467,3,.
edf12,19,IMG_17,PNA,subject,951.3,371.4,127.7160130915462,6560,870,s_woman_woman_read_letter
edf12,20,IMG_09,PNA,subject,1003.0,413.4,105.45183734767262,5742,170,s_boy_boy_filled_bucket
edf12,21,IMG_06,PNA,subject,973.3,374.9,127.94424566974476,6182,112,s_woman_woman_folded_clothes
edf12,22,IMG_10,ACT,subject,851.7,449.8,101.81208179779053,6384,156,s_boy_boy_opened_door
edf12,23,IMG_01,ACT,object,815.8,461.5,130.60964742315176,5449,151,o_lamp_girl_light_lamp
edf12,24,IMG_14,ACT,subject,756.4,300.7,270.70493161374065,6272,124,s_driver_driver_wash_scooter
edf12,25,IMG_05,PWA,object,1091.7,440.2,161.65624021360887,5878,224,o_box_man_pushed_box
edf12,26,IMG_03,PWA,object,628.5,501.1,312.50921586410857,6424,184,o_tree_girl_plant_tree
edf12,27,IMG_04,PWA,object,819.0,529.6,125.85233410628506,5728,118,o_shrub_man_cut_shrub
edf12,28,IMG_13,PNA,subject,775.4,532.8,169.074451056332,5241,49,s_dog_dog_dug_hole
edf12,29,IMG_12,PNA,subject,1071.2,347.3,199.68475154603067,6254,130,s_child_child_throw_frisbee
edf12,30,IMG_11,PNA,object,689.5,571.4,261.7967532266204,6342,362,o_tabla_child_play_tabla
edf12,31,IMG_07,ACT,object,1061.6,391.5,161.35736735581668,6264,166,o_picture_artiste_drew_picture
edf12,32,IMG_15,ACT,subject,857.2,292.5,222.57780662051638,6236,540,s_girl_girl_baked_cake
edf12,33,IMG_02,ACT,subject,871.1,380.0,137.75231395515647,5974,356,s_girl_girl_opened_window
edf12,34,IMG_16,PWA,object,933.9,630.0,131.4918248409383,5808,46,o_dog_girl_fed_dog
edf12,35,IMG_18,PWA,object,877.1,824.6,332.10543506543223,5822,174,o_veg_boy_cut_vegetables
edf12,36,IMG_08,PWA,subject,650.1,350.7,326.3844512227872,6034,162,s_boy_boy_broke_vase
edf13,19,IMG_11,ACT,object,776.8,590.4,188.0705452749048,5684,394,o_tabla_child_play_tabla
edf13,20,IMG_10,ACT,subject,817.9,362.3,183.7350538139089,7442,364,s_boy_boy_opened_door
edf13,21,IMG_09,ACT,subject,1043.5,397.3,144.18117075402043,7920,144,s_boy_boy_filled_bucket
edf13,22,IMG_16,PWA,object,947.2,725.0,226.38491557522116,5878,484,o_dog_girl_fed_dog
edf13,23,IMG_14,PWA,subject,797.1,439.5,155.60157454216198,6164,104,s_driver_driver_wash_scooter
edf13,24,IMG_07,PWA,object,1054.5,476.3,115.68928213106,5860,184,o_picture_artiste_drew_picture
edf13,25,IMG_03,PNA,object,678.9,539.0,265.1801274605622,6044,172,o_tree_girl_plant_tree
edf13,26,IMG_12,PNA,subject,1046.4,431.9,124.78541581450943,5890,146,s_child_child_throw_frisbee
edf13,27,IMG_08,PNA,subject,800.4,441.9,151.63970456315195,6334,112,s_boy_boy_broke_vase
edf13,28,IMG_05,ACT,object,1101.1,444.4,169.05768246370815,6578,194,o_box_man_pushed_box
edf13,29,IMG_04,ACT,object,787.5,513.0,154.16465223909145,5588,230,o_shrub_man_cut_shrub
edf13,30,IMG_02,ACT,object,1077.6,548.4,145.3604141436037,5512,874,o_window_girl_opened_window
edf13,31,IMG_13,PWA,object,967.4,747.6,250.29616457309132,5800,196,o_hole_dog_dug_hole
edf13,32,IMG_18,PWA,object,921.1,794.6,296.5684069485487,5484,164,o_veg_boy_cut_vegetables
edf13,34,IMG_06,PNA,object,1033.8,561.8,112.22054179159886,5806,4992,o_clothes_woman_folded_clothes
edf13,35,IMG_17,PNA,subject,964.7,368.6,132.24106775128516,6460,204,s_woman_woman_read_letter
edf13,36,IMG_01,PNA,subject,1022.3,378.9,144.7816632035977,5418,158,s_girl_girl_lit_lamp
edf14,19,IMG_11,PWA,subject,983.6,346.2,158.3382771158004,6186,214,s_child_child_play_tabla
edf14,20,IMG_10,PWA,subject,832.1,711.4,238.95710912211837,6028,30,s_boy_boy_opened_door
edf14,21,IMG_09,PWA,object,920.2,596.7,100.18303249552795,5704,304,o_bucket_boy_filled_bucket
edf14,22,IMG_16,PNA,object,964.4,704.3,206.92733023938618,6286,890,o_dog_girl_fed_dog
edf14,23,IMG_14,PNA,object,1000.9,587.2,106.86561654713834,5654,218,o_scooter_driver_wash_scooter
edf14,24,IMG_07,PNA,object,1048.9,505.7,108.12682368404252,5560,176,o_picture_artiste_drew_picture
edf14,25,IMG_03,ACT,object,798.1,680.8,231.4753118585219,6264,178,o_tree_girl_plant_tree
edf14,26,IMG_12,ACT,object,798.5,344.7,209.81479928737153,5628,210,o_frisbee_child_throw_frisbee
edf14,27,IMG_08,ACT,subject,778.9,437.0,173.44538045159925,5488,142,s_boy_boy_broke_vase
edf14,28,IMG_05,PWA,subject,923.6,370.2,129.67270337276076,5836,224,s_man_man_pushed_box
edf14,29,IMG_04,PWA,object,769.7,466.9,174.22666271268582,5698,544,o_shrub_man_cut_shrub
edf14,30,IMG_02,PWA,object,1092.7,506.8,151.91609526314193,5660,208,o_window_girl_opened_window
edf14,31,IMG_13,PNA,subject,698.9,610.2,266.5420417119971,6368,140,s_dog_dog_dug_hole
edf14,32,IMG_18,PNA,object,895.8,792.8,297.5531045040532,5516,162,o_veg_boy_cut_vegetables
edf14,33,IMG_15,PNA,subject,839.8,502.1,101.25709851659788,5574,224,.
edf14,34,IMG_06,ACT,object,946.8,694.3,195.68597292601223,5896,266,o_clothes_woman_folded_clothes
edf14,35,IMG_17,ACT,object,1036.4,620.9,155.02902953963175,5596,190,o_letter_woman_read_letter
edf14,36,IMG_01,ACT,object,766.7,566.6,187.0585469846272,5482,206,o_lamp_girl_light_lamp
edf15,19,IMG_11,PNA,object,794.3,566.1,161.4424045906156,6256,240,o_tabla_child_play_tabla
edf15,20,IMG_10,PNA,object,1001.8,413.0,105.07678145051833,5748,178,o_door_boy_opened_door
edf15,21,IMG_09,PNA,subject,1038.2,304.3,217.34580741297958,6570,218,s_boy_boy_filled_bucket
edf15,22,IMG_16,ACT,object,927.1,687.1,188.9120694926611,5866,164,o_dog_girl_fed_dog
edf15,23,IMG_14,ACT,object,906.5,359.0,143.8969770356556,6306,194,o_scooter_driver_wash_scooter
edf15,24,IMG_07,ACT,object,1051.7,425.6,132.6578305265091,5448,192,o_picture_artiste_drew_picture
edf15,25,IMG_03,PWA,object,716.3,477.1,225.7357968953972,5496,122,o_tree_girl_plant_tree
edf15,26,IMG_12,PWA,subject,1049.4,340.2,192.0229413377475,5588,166,s_child_child_throw_frisbee
edf15,27,IMG_08,PWA,subject,823.0,421.6,140.95534753956656,5873,169,s_boy_boy_broke_vase
edf15,28,IMG_05,PNA,object,1112.4,385.1,205.62811091871663,5870,180,o_box_man_pushed_box
edf15,29,IMG_04,PNA,object,848.4,375.8,153.88037561690575,5644,188,o_shrub_man_cut_shrub
edf15,30,IMG_02,PNA,subject,935.1,383.2,115.65059446453355,5998,166,s_girl_girl_opened_window
edf15,31,IMG_13,ACT,subject,1045.6,661.2,193.25478001850306,5878,202,.
edf15,32,IMG_18,ACT,object,922.7,736.6,238.60280803041698,5662,158,o_veg_boy_cut_vegetables
edf15,33,IMG_15,ACT,subject,878.5,364.2,148.31217077502438,5922,140,s_girl_girl_baked_cake
edf15,34,IMG_06,PWA,object,898.3,629.1,137.21315534597989,5808,124,o_clothes_woman_folded_clothes
edf15,35,IMG_17,PWA,object,1021.4,586.4,118.9766783869847,6064,152,o_letter_woman_read_letter
edf15,36,IMG_01,PWA,object,753.8,506.6,187.36661922551738,6002,164,o_lamp_girl_light_lamp
edf16,19,IMG_11,ACT,object,826.0,577.7,139.5206077968413,5490,134,o_tabla_child_play_tabla
edf16,20,IMG_10,ACT,subject,889.7,408.8,103.50700459389206,5942,1188,s_boy_boy_opened_door
edf16,22,IMG_16,PWA,object,985.5,631.6,140.1522743304582,6056,136,o_dog_girl_fed_dog
edf16,23,IMG_14,PWA,subject,780.1,160.4,374.61406807539936,6068,424,s_driver_driver_wash_scooter
edf16,24,IMG_07,PWA,subject,843.6,359.1,170.22021031593158,9780,390,s_artiste_artiste_drew_picture
edf16,25,IMG_03,PNA,object,643.9,584.1,309.1303446768046,6560,258,o_tree_girl_plant_tree
edf16,26,IMG_12,PNA,subject,1073.5,331.1,213.64926866245057,6586,184,s_child_child_throw_frisbee
edf16,27,IMG_08,PNA,subject,806.9,380.2,178.95546932128116,10590,138,s_boy_boy_broke_vase
edf16,28,IMG_05,ACT,object,1116.3,438.9,185.21914047959513,6556,512,o_box_man_pushed_box
edf16,29,IMG_04,ACT,object,838.9,388.5,150.22799339670354,5460,454,o_shrub_man_cut_shrub
edf16,30,IMG_02,ACT,object,1029.3,403.2,130.06590637057812,6314,190,o_window_girl_opened_window
edf16,31,IMG_13,PWA,object,1075.3,704.0,245.32545730111252,5870,228,o_hole_dog_dug_hole
edf16,32,IMG_18,PWA,subject,964.8,326.7,173.63882054425503,6072,280,s_boy_boy_cut_vegetables
edf16,33,IMG_15,PWA,subject,918.3,334.5,165.76166625610398,6018,1068,s_girl_girl_baked_cake
edf16,34,IMG_06,PNA,subject,982.9,307.4,195.83487942652096,5920,398,s_woman_woman_folded_clothes
edf16,35,IMG_17,PNA,subject,968.1,350.8,150.36229580583023,6136,406,s_woman_woman_read_letter
edf16,36,IMG_01,PNA,object,807.9,511.6,133.723670305597,6124,162,o_lamp_girl_light_lamp
edf17,19,IMG_11,PWA,object,787.1,567.1,168.41546841071337,5616,170,o_tabla_child_play_tabla
edf17,20,IMG_10,PWA,subject,892.2,394.0,115.51419826151239,7226,308,s_boy_boy_opened_door
edf17,21,IMG_09,PWA,subject,1053.9,344.8,190.87068921130873,5994,298,s_boy_boy_filled_bucket
edf17,22,IMG_16,PNA,subject,793.9,394.3,180.38228848753417,6410,338,s_girl_girl_fed_dog
edf17,23,IMG_14,PNA,subject,761.7,194.2,353.3677121639723,5796,776,s_driver_driver_wash_scooter
edf17,24,IMG_07,PNA,subject,721.4,281.5,308.86890422961,5770,140,s_artiste_artiste_drew_picture
edf17,25,IMG_03,ACT,object,692.5,736.9,344.2259287154296,6054,470,o_tree_girl_plant_tree
edf17,26,IMG_12,ACT,subject,1117.8,416.6,194.93242418848635,5728,124,s_child_child_throw_frisbee
edf17,27,IMG_08,ACT,subject,725.2,387.9,242.5825220414694,5622,322,s_boy_boy_broke_vase
edf17,28,IMG_05,PWA,subject,824.8,482.8,117.28277793435834,5822,178,s_man_man_pushed_box
edf17,29,IMG_04,PWA,object,776.6,479.8,165.4828389894251,6312,270,o_shrub_man_cut_shrub
edf17,30,IMG_02,PWA,subject,881.4,414.7,102.99592224937841,5586,530,s_girl_girl_opened_window
edf17,31,IMG_13,PNA,object,1096.6,698.8,253.47853952553845,6006,370,o_hole_dog_dug_hole
edf17,32,IMG_18,PNA,subject,887.8,644.6,155.29665160588627,6070,114,.
edf17,33,IMG_15,PNA,object,886.0,609.8,123.96858473016457,6118,182,o_cake_girl_baked_cake
edf17,34,IMG_06,ACT,object,890.1,588.7,103.39637324393931,5756,294,o_clothes_woman_folded_clothes
edf17,35,IMG_17,ACT,subject,957.7,363.1,136.62448536042137,6218,962,s_woman_woman_read_letter
edf17,36,IMG_01,ACT,object,749.6,503.7,191.465297116736,5472,336,o_lamp_girl_light_lamp
edf18,19,IMG_11,PNA,object,755.7,553.7,193.29017046916792,6388,326,o_tabla_child_play_tabla
edf18,20,IMG_10,PNA,subject,859.4,422.8,111.44222718521019,6158,142,s_boy_boy_opened_door
edf18,21,IMG_09,PNA,subject,997.9,381.3,130.46214010202343,6134,714,s_boy_boy_filled_bucket
edf18,22,IMG_16,ACT,subject,782.6,474.9,160.17802595861892,5732,116,s_girl_girl_fed_dog
edf18,23,IMG_14,ACT,object,926.1,391.1,108.62674624603277,5476,474,o_scooter_driver_wash_scooter
edf18,24,IMG_07,ACT,object,1045.5,481.8,105.85773471976434,5648,168,o_picture_artiste_drew_picture
edf18,25,IMG_03,PWA,object,654.6,509.4,286.59980809484153,5782,180,o_tree_girl_plant_tree
edf18,26,IMG_12,PWA,subject,902.7,346.6,156.84801560746627,5654,110,.
edf18,27,IMG_08,PWA,subject,713.8,391.2,251.3485428642864,6138,410,s_boy_boy_broke_vase
edf18,28,IMG_05,PNA,object,1117.0,380.2,212.17504565806036,6698,390,o_box_man_pushed_box
edf18,29,IMG_04,PNA,object,779.5,502.0,161.53371165177873,6268,200,o_shrub_man_cut_shrub
edf18,30,IMG_02,PNA,object,1084.8,344.1,211.1388168954254,5934,596,o_window_girl_opened_window
edf18,31,IMG_13,ACT,object,1076.6,723.6,262.6163932430723,5896,248,o_hole_dog_dug_hole
edf18,32,IMG_18,ACT,object,907.3,818.7,321.76962255626313,6194,826,o_veg_boy_cut_vegetables
edf18,33,IMG_15,ACT,subject,849.6,562.3,111.35043780785054,6230,154,.
edf18,34,IMG_06,PWA,subject,960.1,349.9,150.020831886775,5562,1088,s_woman_woman_folded_clothes
edf18,35,IMG_17,PWA,subject,960.3,387.0,113.35510575179221,6696,224,s_woman_woman_read_letter
edf18,36,IMG_01,PWA,object,757.5,526.3,185.5640320751842,6280,184,o_lamp_girl_light_lamp
edf19,19,IMG_11,ACT,subject,979.3,604.6,112.6130543054401,6061,147,.
edf19,20,IMG_10,ACT,object,945.4,603.2,104.59259055975244,5788,288,o_door_boy_opened_door
edf19,21,IMG_09,ACT,object,968.0,631.0,135.02699730053988,5606,268,o_bucket_boy_filled_bucket
edf19,22,IMG_16,PWA,object,966.4,613.3,117.38108876646183,6049,161,o_dog_girl_fed_dog
edf19,23,IMG_14,PWA,object,942.5,606.0,107.31048411036082,5269,101,o_scooter_driver_wash_scooter
edf19,24,IMG_07,PWA,object,1032.6,799.3,314.2465910714068,5298,28,o_picture_artiste_drew_picture
edf19,25,IMG_03,PNA,object,726.0,649.9,262.84299496087016,5658,396,o_tree_girl_plant_tree
edf19,26,IMG_12,PNA,subject,968.5,600.0,104.96637556856005,5413,181,.
edf19,27,IMG_08,PNA,object,911.7,644.2,148.42082064184936,5199,259,o_vase_boy_broke_vase
edf19,28,IMG_05,ACT,subject,984.1,603.9,113.68663070035984,6163,157,.
edf19,29,IMG_04,ACT,subject,951.3,613.8,115.55994115609435,5555,233,s_man_man_cut_shrub
edf19,30,IMG_02,ACT,subject,990.9,624.8,135.6142322914523,5812,300,.
edf19,31,IMG_13,PWA,object,1123.8,786.1,340.6091601821654,6228,614,o_hole_dog_dug_hole
edf19,32,IMG_18,PWA,object,955.6,700.4,202.2277181792842,6448,216,o_veg_boy_cut_vegetables
edf19,33,IMG_15,PWA,subject,633.4,362.3,336.48583922655644,5516,188,.
edf19,34,IMG_06,PNA,object,969.3,627.8,132.1654266440357,6079,157,o_clothes_woman_folded_clothes
edf19,35,IMG_17,PNA,subject,877.1,582.2,105.14494757238698,5394,214,.
edf19,36,IMG_01,PNA,subject,910.1,393.2,109.93206993411886,5646,118,.
edf20,19,IMG_11,PWA,object,757.3,601.2,210.36145084116535,5968,270,o_tabla_child_play_tabla
edf20,20,IMG_10,PWA,object,1116.2,418.6,192.64228507780948,5754,162,o_door_boy_opened_door
edf20,21,IMG_09,PWA,object,968.2,601.8,106.6276230626942,5654,228,o_bucket_boy_filled_bucket
edf20,22,IMG_16,PNA,object,939.1,685.8,187.10964699875842,5454,390,o_dog_girl_fed_dog
edf20,23,IMG_14,PNA,object,1019.8,372.9,148.4421772947298,6078,294,o_scooter_driver_wash_scooter
edf20,24,IMG_07,PNA,object,996.5,411.4,103.44824793103072,6060,254,o_picture_artiste_drew_picture
edf20,25,IMG_03,ACT,object,784.3,579.6,176.3510703114671,5862,156,o_tree_girl_plant_tree
edf20,26,IMG_12,ACT,object,818.7,336.6,203.06082832491344,6222,162,o_frisbee_child_throw_frisbee
edf20,27,IMG_08,ACT,subject,747.7,396.2,218.7947439953711,5808,112,s_boy_boy_broke_vase
edf20,28,IMG_05,PWA,object,1052.4,383.8,160.03740187843596,5826,182,o_box_man_pushed_box
edf20,29,IMG_04,PWA,object,788.3,531.9,156.26749502055767,6112,148,o_shrub_man_cut_shrub
edf20,30,IMG_02,PWA,object,1218.8,415.3,290.04896138410834,5941,645,o_window_girl_opened_window
edf20,31,IMG_13,PNA,object,1106.6,726.4,281.5504395308236,5712,646,o_hole_dog_dug_hole
edf20,32,IMG_18,PNA,object,915.6,842.8,345.0361865080241,5712,712,o_veg_boy_cut_vegetables
edf20,33,IMG_15,PNA,subject,865.2,373.4,146.44360689357524,6304,382,s_girl_girl_baked_cake
edf20,34,IMG_06,ACT,object,877.2,747.4,256.75305256218473,5876,494,o_clothes_woman_folded_clothes
edf20,35,IMG_17,ACT,object,1038.3,591.7,134.59676816328096,5950,232,o_letter_woman_read_letter
edf20,36,IMG_01,ACT,object,746.6,566.2,205.78534933274526,5422,242,o_lamp_girl_light_lamp
edf21,19,IMG_11,PNA,object,805.2,541.0,142.2354737750045,6496,182,o_tabla_child_play_tabla
edf21,20,IMG_10,PNA,subject,868.4,404.6,118.8510412238782,6666,378,s_boy_boy_opened_door
edf21,21,IMG_09,PNA,subject,1029.4,338.1,183.32190267395765,7310,174,s_boy_boy_filled_bucket
edf21,22,IMG_16,ACT,object,947.3,660.3,161.72275659288024,5576,182,o_dog_girl_fed_dog
edf21,23,IMG_14,ACT,object,1133.2,562.5,202.51241937224498,6394,528,o_scooter_driver_wash_scooter
edf21,24,IMG_07,ACT,object,1064.6,377.2,173.3182333166363,5452,140,o_picture_artiste_drew_picture
edf21,25,IMG_03,PWA,object,706.7,590.0,251.4600962379518,6638,146,o_tree_girl_plant_tree
edf21,26,IMG_12,PWA,subject,1079.8,411.5,163.91851634272433,5510,168,s_child_child_throw_frisbee
edf21,27,IMG_08,PWA,subject,731.1,364.9,248.91856097928894,5942,524,s_boy_boy_broke_vase
edf21,28,IMG_05,PNA,object,1135.5,477.5,195.65196140085078,5432,166,o_box_man_pushed_box
edf21,29,IMG_04,PNA,object,827.1,483.9,114.85752043292592,6258,974,o_shrub_man_cut_shrub
edf21,30,IMG_02,PNA,object,1157.0,492.8,216.08056367938323,6282,156,o_window_girl_opened_window
edf21,31,IMG_13,ACT,subject,894.0,587.9,100.82479853686789,6024,150,s_dog_dog_dug_hole
edf21,32,IMG_18,ACT,subject,960.1,398.1,102.39711910009966,5716,150,s_boy_boy_cut_vegetables
edf21,33,IMG_15,ACT,subject,912.6,339.5,161.71332659988167,6108,420,s_girl_girl_baked_cake
edf21,34,IMG_06,PWA,subject,979.1,382.5,122.2867531664816,5558,210,s_woman_woman_folded_clothes
edf21,36,IMG_01,PWA,object,750.8,481.2,191.00337693349826,6294,214,o_lamp_girl_light_lamp
edf22,19,IMG_11,ACT,subject,1029.9,560.1,108.04244536292217,5289,1173,.
edf22,20,IMG_10,ACT,subject,901.4,405.4,101.3560555665028,6308,550,s_boy_boy_opened_door
edf22,21,IMG_09,ACT,subject,1062.8,336.2,203.08000886350186,6724,232,s_boy_boy_filled_bucket
edf22,22,IMG_16,PWA,object,1088.7,667.8,224.52193656745436,6302,546,o_dog_girl_fed_dog
edf22,23,IMG_14,PWA,object,1028.0,441.5,104.11935458885634,5678,170,o_scooter_driver_wash_scooter
edf22,24,IMG_07,PWA,object,951.7,362.9,136.22088679787694,5600,36,o_picture_artiste_drew_picture
edf22,25,IMG_03,PNA,subject,855.9,395.4,133.8390824834062,5742,142,s_girl_girl_plant_tree
edf22,26,IMG_12,PNA,subject,1042.3,388.5,149.68543683338066,6300,262,s_child_child_throw_frisbee
edf22,27,IMG_08,PNA,object,1128.6,475.2,189.0661524440585,5242,258,o_vase_boy_broke_vase
edf22,28,IMG_05,ACT,object,1073.0,441.1,144.01999861130395,6368,282,o_box_man_pushed_box
edf22,29,IMG_04,ACT,object,796.9,466.8,147.5886852031686,5828,1360,o_shrub_man_cut_shrub
edf22,30,IMG_02,ACT,object,1207.2,437.6,273.1220423180817,5928,862,o_window_girl_opened_window
edf22,31,IMG_13,PWA,subject,806.8,269.6,265.5116758261301,5744,116,.
edf22,32,IMG_18,PWA,object,889.1,740.9,247.69830439468092,6062,132,o_veg_boy_cut_vegetables
edf22,33,IMG_15,PWA,subject,938.7,383.7,115.02299770045988,6490,938,s_girl_girl_baked_cake
edf22,34,IMG_06,PNA,object,1000.1,684.3,194.7823657316031,5558,1664,o_clothes_woman_folded_clothes
edf22,35,IMG_17,PNA,subject,1030.4,447.4,103.07303236055499,5429,241,s_woman_woman_read_letter
edf22,36,IMG_01,PNA,subject,403.7,754.6,595.1269612444054,5548,26,.
edf23,19,IMG_11,PWA,object,728.5,617.4,243.4048890223859,6308,96,o_tabla_child_play_tabla
edf23,20,IMG_10,PWA,subject,836.7,472.1,107.63851541153839,5962,150,s_boy_boy_opened_door
edf23,21,IMG_09,PWA,subject,1014.1,369.9,148.09810937348257,9532,376,s_boy_boy_filled_bucket
edf23,22,IMG_16,PNA,subject,791.6,440.4,160.37222328071653,6210,150,s_girl_girl_fed_dog
edf23,23,IMG_14,PNA,subject,691.9,805.9,395.5030341223693,5984,176,.
edf23,24,IMG_07,PNA,object,1098.3,434.8,169.78368590650865,5954,128,o_picture_artiste_drew_picture
edf23,25,IMG_03,ACT,object,732.6,717.5,302.16551755618974,6024,148,o_tree_girl_plant_tree
edf23,26,IMG_12,ACT,subject,1118.6,339.8,238.30856048409163,6086,908,s_child_child_throw_frisbee
edf23,27,IMG_08,ACT,subject,736.7,439.1,212.81600033832038,5750,230,s_boy_boy_broke_vase
edf23,28,IMG_05,PWA,object,1119.7,551.0,186.19607944315052,5409,285,o_box_man_pushed_box
edf23,29,IMG_04,PWA,object,737.8,487.4,203.51395529545394,5588,208,o_shrub_man_cut_shrub
edf23,30,IMG_02,PWA,object,1164.0,477.3,224.0244629499198,6704,172,o_window_girl_opened_window
edf23,31,IMG_13,PNA,subject,858.6,617.1,144.25089254489905,5722,400,s_dog_dog_dug_hole
edf23,32,IMG_18,PNA,object,958.3,736.0,237.92977955691046,6060,184,o_veg_boy_cut_vegetables
edf23,33,IMG_15,PNA,subject,1089.5,266.7,275.45643938742836,6150,70,.
edf23,34,IMG_06,ACT,object,924.7,667.8,169.88378380528255,5454,182,o_clothes_woman_folded_clothes
edf23,35,IMG_17,ACT,subject,964.3,30.3,468.97915731938446,7748,146,.
edf23,36,IMG_01,ACT,subject,1019.6,152.9,354.6203603855819,5398,30,s_girl_girl_lit_lamp
edf24,19,IMG_11,PNA,object,816.8,532.2,128.63860229340187,5582,326,o_tabla_child_play_tabla
edf24,20,IMG_10,PNA,object,1034.3,457.7,101.9111868246072,7590,220,o_door_boy_opened_door
edf24,22,IMG_16,ACT,object,992.8,659.7,169.12788061109265,6612,828,o_dog_girl_fed_dog
edf24,23,IMG_14,ACT,object,1088.3,590.6,173.61710745200196,6454,166,o_scooter_driver_wash_scooter
edf24,24,IMG_07,ACT,object,1059.3,531.2,122.68308766900185,5947,235,o_picture_artiste_drew_picture
edf24,25,IMG_03,PWA,subject,806.3,444.5,145.1954889106408,6310,148,.
edf24,26,IMG_12,PWA,subject,1087.1,482.9,146.95186286672237,5974,404,s_child_child_throw_frisbee
edf24,27,IMG_08,PWA,subject,798.3,197.2,333.56489623460084,9324,950,.
edf24,28,IMG_05,PNA,object,1194.0,504.1,253.05762189667396,5724,94,o_box_man_pushed_box
edf24,29,IMG_04,PNA,object,894.9,387.9,120.00770808577258,6338,892,o_shrub_man_cut_shrub
edf24,30,IMG_02,PNA,subject,969.7,363.7,138.01699170754304,5888,164,.
edf24,31,IMG_13,ACT,subject,1028.0,562.1,107.65017417542809,6033,155,.
edf24,32,IMG_18,ACT,subject,952.7,622.2,124.05297255608193,6306,144,.
edf24,33,IMG_15,ACT,object,1014.2,606.4,130.22108124263139,9204,1614,o_cake_girl_baked_cake
edf24,34,IMG_06,PWA,subject,948.7,346.5,152.3946521371403,6300,28,s_woman_woman_folded_clothes
edf24,35,IMG_17,PWA,subject,1051.3,574.9,134.06166491581396,6512,1452,.
edf24,36,IMG_01,PWA,object,830.3,454.4,119.23497808948518,5638,188,o_lamp_girl_light_lamp
edf25,19,IMG_17,ACT,subject,833.4,667.7,200.34659967166905,5952,280,s_woman_woman_read_letter
edf25,20,IMG_09,ACT,subject,1034.0,551.0,106.69718834158658,5827,153,.
edf25,21,IMG_06,ACT,object,897.3,608.2,117.89800676856254,5918,142,o_clothes_woman_folded_clothes
edf25,22,IMG_10,PWA,subject,899.4,654.4,161.16156489684505,5777,367,s_boy_boy_opened_door
edf25,23,IMG_01,PWA,object,808.6,648.7,200.0743861667455,5429,195,o_lamp_girl_light_lamp
edf25,24,IMG_14,PWA,subject,740.9,295.8,284.9709107961723,6220,240,s_driver_driver_wash_scooter
edf25,25,IMG_05,PNA,subject,947.4,649.5,150.93574791943757,5447,229,s_man_man_pushed_box
edf25,26,IMG_03,PNA,subject,1269.9,512.4,329.1852062289557,5668,144,.
edf25,27,IMG_04,PNA,object,815.9,578.9,148.600302826071,5578,342,o_shrub_man_cut_shrub
edf25,28,IMG_13,ACT,subject,971.4,631.6,136.33257131001383,5672,132,s_dog_dog_dug_hole
edf25,29,IMG_12,ACT,subject,824.0,605.1,158.14537615750896,6146,194,.
edf25,30,IMG_11,ACT,object,857.5,566.7,107.68588579753619,5533,55,o_tabla_child_play_tabla
edf25,31,IMG_07,PWA,subject,849.7,636.1,164.96802720527393,5632,120,s_artiste_artiste_drew_picture
edf25,32,IMG_15,PWA,subject,1467.6,482.6,526.8460591102489,5705,47,.
edf25,33,IMG_02,PWA,subject,900.7,659.7,165.96713530093845,5838,218,s_girl_girl_opened_window
edf25,34,IMG_16,PNA,object,922.0,658.8,161.22347843909083,5531,217,o_dog_girl_fed_dog
edf25,35,IMG_18,PNA,object,933.1,788.1,289.507806457788,5922,164,o_veg_boy_cut_vegetables
edf25,36,IMG_08,PNA,object,885.8,638.3,150.11728747882435,6101,437,o_vase_boy_broke_vase
edf26,19,IMG_17,PWA,object,1116.6,722.8,284.70365294460123,6486,294,o_letter_woman_read_letter
edf26,20,IMG_09,PWA,object,887.7,598.6,113.22941313987282,5644,184,o_bucket_boy_filled_bucket
edf26,21,IMG_06,PWA,object,866.8,756.6,268.36178938142444,5666,238,o_clothes_woman_folded_clothes
edf26,22,IMG_10,PNA,subject,818.6,590.8,153.18018801398566,7712,344,s_boy_boy_opened_door
edf26,23,IMG_01,PNA,object,716.2,567.8,235.18046262391775,5664,186,o_lamp_girl_light_lamp
edf26,24,IMG_14,PNA,object,895.4,397.3,111.18147327680093,6616,274,o_scooter_driver_wash_scooter
edf26,25,IMG_05,ACT,object,1094.5,460.5,158.18182575757558,5456,180,o_box_man_pushed_box
edf26,26,IMG_03,ACT,subject,1148.7,159.0,398.16501604234395,5714,56,.
edf26,27,IMG_04,ACT,subject,1201.1,244.7,363.54918511805243,5444,50,s_man_man_cut_shrub
edf26,28,IMG_13,PWA,subject,385.6,336.8,578.5160066929868,5914,164,.
edf26,29,IMG_12,PWA,subject,1083.3,377.2,187.11370874417509,6006,214,s_child_child_throw_frisbee
edf26,30,IMG_11,PWA,object,738.0,687.8,277.4307300931171,5786,224,o_tabla_child_play_tabla
edf26,31,IMG_07,PNA,object,1061.1,436.6,135.2051034539746,6302,172,o_picture_artiste_drew_picture
edf26,32,IMG_15,PNA,object,924.0,630.3,132.69348137719498,6054,272,o_cake_girl_baked_cake
edf26,33,IMG_02,PNA,object,1229.3,457.9,291.1726807239992,6052,262,o_window_girl_opened_window
edf26,34,IMG_16,ACT,subject,797.4,575.0,162.61196142965625,5424,158,s_girl_girl_fed_dog
edf26,35,IMG_18,ACT,object,966.2,829.4,331.6587553495309,6112,2536,o_veg_boy_cut_vegetables
edf26,36,IMG_08,ACT,object,1062.8,560.7,136.67201615546614,5661,215,o_vase_boy_broke_vase
edf27,19,IMG_17,PNA,subject,980.0,359.0,145.04168366369717,6400,216,s_woman_woman_read_letter
edf27,20,IMG_09,PNA,subject,1025.0,304.9,211.2213057435258,6138,240,s_boy_boy_filled_bucket
edf27,21,IMG_06,PNA,object,863.7,690.4,206.6982825279397,5938,408,o_clothes_woman_folded_clothes
edf27,22,IMG_10,ACT,subject,850.3,381.1,148.51346740279146,7184,656,s_boy_boy_opened_door
edf27,23,IMG_01,ACT,object,765.3,508.0,175.94595761198954,5782,234,o_lamp_girl_light_lamp
edf27,24,IMG_14,ACT,subject,838.1,452.2,112.91882039766443,5650,272,s_driver_driver_wash_scooter
edf27,25,IMG_05,PWA,object,1121.7,419.0,197.4957721066454,6398,262,o_box_man_pushed_box
edf27,26,IMG_03,PWA,object,653.6,553.5,292.57785288705634,5816,312,o_tree_girl_plant_tree
edf27,27,IMG_04,PWA,object,751.3,444.8,197.2087726243435,5604,1396,o_shrub_man_cut_shrub
edf27,28,IMG_13,PNA,subject,776.2,416.9,183.98445586516266,5807,195,.
edf27,29,IMG_12,PNA,subject,965.9,357.5,143.37869437262984,5954,82,.
edf27,30,IMG_11,PNA,object,750.0,540.4,195.4990792817194,6300,516,o_tabla_child_play_tabla
edf27,31,IMG_07,ACT,subject,636.8,189.9,433.4686609202562,5890,182,s_artiste_artiste_drew_picture
edf27,32,IMG_15,ACT,subject,957.4,393.0,106.96471380787216,5862,416,s_girl_girl_baked_cake
edf27,33,IMG_02,ACT,subject,857.5,358.5,163.1817698151359,5788,168,s_girl_girl_opened_window
edf27,34,IMG_16,PWA,object,980.3,631.7,138.6848585823269,5656,288,o_dog_girl_fed_dog
edf27,35,IMG_18,PWA,object,989.7,756.9,262.75260227065303,6100,80,o_veg_boy_cut_vegetables
edf27,36,IMG_08,PWA,object,966.8,357.2,143.8328543831346,6340,894,o_vase_boy_broke_vase
edf28,19,IMG_17,ACT,object,1100.8,627.8,205.4333225160903,6656,166,o_letter_woman_read_letter
edf28,20,IMG_09,ACT,object,910.1,654.9,159.2270391610671,6858,386,o_bucket_boy_filled_bucket
edf28,21,IMG_06,ACT,object,993.0,586.6,102.12937873109777,5293,255,o_clothes_woman_folded_clothes
edf28,22,IMG_10,PWA,object,1079.6,508.4,138.93901539884314,8856,254,o_door_boy_opened_door
edf28,23,IMG_01,PWA,object,804.9,566.6,152.0974030021552,5782,148,o_lamp_girl_light_lamp
edf28,24,IMG_14,PWA,object,1072.5,526.1,134.3242718200996,5354,192,o_scooter_driver_wash_scooter
edf28,25,IMG_05,PNA,object,1062.5,419.3,145.14341183808514,6402,190,o_box_man_pushed_box
edf28,26,IMG_03,PNA,object,777.3,692.3,253.53234507652076,5472,148,o_tree_girl_plant_tree
edf28,27,IMG_04,PNA,subject,1127.0,414.0,204.37732261677175,5770,218,s_man_man_cut_shrub
edf28,28,IMG_13,ACT,subject,888.6,615.3,127.83317253357983,6320,180,s_dog_dog_dug_hole
edf28,29,IMG_12,ACT,subject,1004.4,395.6,121.03375562214035,5905,17,s_child_child_throw_frisbee
edf28,30,IMG_11,ACT,object,790.5,555.1,160.72090716518497,6432,90,o_tabla_child_play_tabla
edf28,31,IMG_07,PWA,object,1043.8,515.4,104.14763559486116,5516,94,o_picture_artiste_drew_picture
edf28,32,IMG_15,PWA,object,1062.1,580.8,146.30659588685663,6292,270,o_cake_girl_baked_cake
edf28,33,IMG_02,PWA,object,1171.8,375.6,261.57647065437664,6866,402,o_window_girl_opened_window
edf28,34,IMG_16,PNA,object,966.1,618.3,122.2054417773611,5694,216,o_dog_girl_fed_dog
edf28,35,IMG_18,PNA,subject,1065.4,554.0,136.13761419975017,5544,184,.
edf28,36,IMG_08,PNA,object,1051.7,409.7,142.04045198463714,5544,124,o_vase_boy_broke_vase
edf29,19,IMG_17,PWA,subject,992.8,351.1,156.42570121306787,6128,468,s_woman_woman_read_letter
edf29,20,IMG_09,PWA,object,938.5,598.9,100.23118277262819,5998,372,o_bucket_boy_filled_bucket
edf29,21,IMG_06,PWA,object,938.8,655.0,156.3154822786278,6086,1398,o_clothes_woman_folded_clothes
edf29,22,IMG_10,PNA,subject,901.2,401.0,105.49563972032206,6080,656,s_boy_boy_opened_door
edf29,23,IMG_01,PNA,object,760.5,555.4,189.19603589927564,6176,180,o_lamp_girl_light_lamp
edf29,24,IMG_14,PNA,subject,745.1,107.0,437.9562763564418,5650,268,s_driver_driver_wash_scooter
edf29,25,IMG_05,ACT,object,1116.2,440.5,184.6138673014571,5606,188,o_box_man_pushed_box
edf29,26,IMG_03,ACT,object,718.6,561.0,230.96114391819242,5602,160,o_tree_girl_plant_tree
edf29,27,IMG_04,ACT,object,808.1,442.2,144.41142614073166,6374,686,o_shrub_man_cut_shrub
edf29,28,IMG_13,PWA,subject,816.1,565.4,141.59413829675293,6076,160,s_dog_dog_dug_hole
edf29,29,IMG_12,PWA,object,781.1,268.5,280.28565785640905,6220,370,o_frisbee_child_throw_frisbee
edf29,30,IMG_11,PWA,object,769.0,585.0,192.43619721871454,5836,796,o_tabla_child_play_tabla
edf29,31,IMG_07,PNA,object,1019.1,428.7,104.87902554848613,6364,270,o_picture_artiste_drew_picture
edf29,32,IMG_15,PNA,object,997.5,584.4,102.64862395570628,6406,232,o_cake_girl_baked_cake
edf29,33,IMG_02,PNA,object,1118.1,441.2,186.2005907616836,5778,324,o_window_girl_opened_window
edf29,34,IMG_16,ACT,object,965.0,603.6,107.61045488241376,5974,228,o_dog_girl_fed_dog
edf29,35,IMG_18,ACT,object,955.9,699.6,201.45178083104656,5670,178,o_veg_boy_cut_vegetables
edf29,36,IMG_08,ACT,subject,750.8,377.6,225.48004346283068,6286,550,s_boy_boy_broke_vase
edf30,19,IMG_17,PNA,subject,1064.2,535.7,128.63607581079273,6956,226,s_woman_woman_read_letter
edf30,20,IMG_09,PNA,subject,987.1,379.7,127.61743611278203,7068,396,s_boy_boy_filled_bucket
edf30,21,IMG_06,PNA,object,947.5,653.8,155.2361426987929,5818,220,o_clothes_woman_folded_clothes
edf30,22,IMG_10,ACT,subject,826.5,421.9,137.87128054819829,9104,312,s_boy_boy_opened_door
edf30,23,IMG_01,ACT,object,777.5,532.5,166.9571501912991,5482,210,o_lamp_girl_light_lamp
edf30,24,IMG_14,ACT,subject,771.9,236.2,312.25159727373693,6164,154,s_driver_driver_wash_scooter
edf30,25,IMG_05,PWA,object,1042.8,381.6,155.16330107341744,6236,264,o_box_man_pushed_box
edf30,26,IMG_03,PWA,object,743.2,597.3,221.01312178239547,6136,246,o_tree_girl_plant_tree
edf30,27,IMG_04,PWA,object,814.6,473.2,128.94653930990157,5918,164,o_shrub_man_cut_shrub
edf30,28,IMG_13,PNA,subject,991.0,662.4,171.16567997119049,6538,162,.
edf30,29,IMG_12,PNA,subject,1058.3,377.7,168.52385587803286,6074,180,s_child_child_throw_frisbee
edf30,30,IMG_11,PNA,subject,940.9,385.2,113.50004405285489,5848,138,s_child_child_play_tabla
edf30,31,IMG_07,ACT,object,1074.6,475.0,135.68585040452808,6350,324,o_picture_artiste_drew_picture
edf30,32,IMG_15,ACT,object,962.2,598.0,101.53782546420818,6414,1296,o_cake_girl_baked_cake
edf30,33,IMG_02,ACT,subject,860.0,439.4,100.38670230663024,6006,178,s_girl_girl_opened_window
edf30,34,IMG_16,PWA,subject,886.2,604.4,119.06103476788698,6066,140,s_girl_girl_fed_dog
edf30,35,IMG_18,PWA,object,892.3,723.5,230.01462996948698,6396,160,o_veg_boy_cut_vegetables
edf30,36,IMG_08,PWA,object,866.4,575.2,106.85228121102521,5946,92,o_vase_boy_broke_vase
edf31,20,IMG_09,ACT,subject,1020.1,344.1,173.66050212987406,8230,524,s_boy_boy_filled_bucket
edf31,21,IMG_06,ACT,object,905.6,643.8,149.35585023694247,5712,170,o_clothes_woman_folded_clothes
edf31,22,IMG_10,PWA,subject,749.6,568.2,203.62762582714555,5838,210,s_boy_boy_opened_door
edf31,23,IMG_01,PWA,object,772.0,514.4,169.7276936743088,6202,198,o_lamp_girl_light_lamp
edf31,24,IMG_14,PWA,subject,823.7,260.3,265.6950319445209,5682,798,s_driver_driver_wash_scooter
edf31,25,IMG_05,PNA,object,1014.5,399.3,123.62285387419267,6494,624,o_box_man_pushed_box
edf31,26,IMG_03,PNA,object,744.9,739.1,310.2376024920255,5778,228,o_tree_girl_plant_tree
edf31,27,IMG_04,PNA,object,759.0,549.7,189.010581714358,5690,564,o_shrub_man_cut_shrub
edf31,28,IMG_13,ACT,subject,818.3,531.7,127.06018259077081,5533,293,s_dog_dog_dug_hole
edf31,29,IMG_12,ACT,subject,1056.6,394.4,155.69794475201007,6158,156,s_child_child_throw_frisbee
edf31,30,IMG_11,ACT,object,689.4,498.7,251.60000000000002,5472,440,o_tabla_child_play_tabla
edf31,31,IMG_07,PWA,subject,791.4,365.7,200.17282532851456,5362,1128,s_artiste_artiste_drew_picture
edf31,32,IMG_15,PWA,object,929.1,604.4,106.36775827289017,6074,206,o_cake_girl_baked_cake
edf31,33,IMG_02,PWA,subject,740.7,490.9,200.45181465878522,5733,317,s_girl_girl_opened_window
edf31,34,IMG_16,PNA,subject,869.8,615.1,136.44925796793478,6020,134,s_girl_girl_fed_dog
edf31,35,IMG_18,PNA,object,904.7,800.4,303.87592862877443,5722,152,o_veg_boy_cut_vegetables
edf31,36,IMG_08,PNA,subject,807.3,455.5,140.50597852048864,6246,180,s_boy_boy_broke_vase
edf32,19,IMG_17,PWA,object,1051.4,619.2,163.427078539635,7796,1302,o_letter_woman_read_letter
edf32,20,IMG_09,PWA,subject,1023.0,440.6,100.49681586995678,6194,234,s_boy_boy_filled_bucket
edf32,21,IMG_06,PWA,object,917.6,638.3,141.5475891705683,5456,36,o_clothes_woman_folded_clothes
edf32,22,IMG_10,PNA,object,988.2,408.9,101.44890339476325,7520,136,o_door_boy_opened_door
edf32,23,IMG_01,PNA,object,725.1,592.1,235.23683810151843,5746,818,o_lamp_girl_light_lamp
edf32,24,IMG_14,PNA,object,897.6,406.4,101.99436258931178,5896,206,o_scooter_driver_wash_scooter
edf32,25,IMG_05,ACT,subject,775.0,571.4,181.22165985334092,6266,234,s_man_man_pushed_box
edf32,26,IMG_03,ACT,object,679.7,549.7,266.23052041417037,5730,138,o_tree_girl_plant_tree
edf32,27,IMG_04,ACT,object,799.7,476.6,143.01783105613086,6138,190,o_shrub_man_cut_shrub
edf32,28,IMG_13,PWA,subject,891.5,591.4,105.08824862942572,5614,600,s_dog_dog_dug_hole
edf32,29,IMG_12,PWA,object,765.1,301.5,264.25111163436947,6260,616,o_frisbee_child_throw_frisbee
edf32,30,IMG_11,PWA,object,767.9,621.5,212.23442227876234,6020,244,o_tabla_child_play_tabla
edf32,31,IMG_07,PNA,subject,856.7,395.4,133.33184165832256,5576,128,s_artiste_artiste_drew_picture
edf32,32,IMG_15,PNA,object,903.0,614.7,122.06555615733708,5570,192,o_cake_girl_baked_cake
edf32,33,IMG_02,PNA,object,1079.5,465.2,142.49385951682268,6172,162,o_window_girl_opened_window
edf32,34,IMG_16,ACT,object,942.1,687.9,189.20319764739705,5624,218,o_dog_girl_fed_dog
edf32,35,IMG_18,ACT,object,1144.3,834.5,392.5462138398484,6097,867,o_veg_boy_cut_vegetables
edf32,36,IMG_08,ACT,subject,782.5,436.1,170.41423062643565,6336,168,s_boy_boy_broke_vase
edf33,19,IMG_17,PNA,object,1053.1,714.0,242.7354527052033,6082,310,o_letter_woman_read_letter
edf33,20,IMG_09,PNA,subject,1024.5,367.9,155.18018559081568,6308,770,s_boy_boy_filled_bucket
edf33,21,IMG_06,PNA,object,928.2,676.1,177.86118182447797,6446,526,o_clothes_woman_folded_clothes
edf33,22,IMG_10,ACT,subject,861.7,430.1,104.8544228919314,6362,310,s_boy_boy_opened_door
edf33,23,IMG_01,ACT,object,822.7,505.3,118.48396515984763,5980,546,o_lamp_girl_light_lamp
edf33,24,IMG_14,ACT,object,903.6,323.3,179.34302328220073,5716,226,o_scooter_driver_wash_scooter
edf33,25,IMG_05,PWA,object,1031.8,400.9,133.45216371419383,5600,222,o_box_man_pushed_box
edf33,26,IMG_03,PWA,object,761.4,678.4,254.0634763203873,5878,188,o_tree_girl_plant_tree
edf33,27,IMG_04,PWA,object,769.8,453.2,177.14313421637323,6066,282,o_shrub_man_cut_shrub
edf33,28,IMG_13,PNA,subject,849.6,626.6,157.20168574159757,6320,106,s_dog_dog_dug_hole
edf33,29,IMG_12,PNA,subject,1038.2,444.8,111.14427560607882,5940,206,s_child_child_throw_frisbee
edf33,30,IMG_11,PNA,subject,726.1,471.0,216.67787150514468,5878,52,.
edf33,31,IMG_07,ACT,subject,748.1,330.2,256.1301622222576,5908,176,s_artiste_artiste_drew_picture
edf33,32,IMG_15,ACT,subject,854.2,606.9,138.71366190826333,6490,290,.
edf33,33,IMG_02,ACT,subject,857.2,384.0,142.05115275843414,6570,540,s_girl_girl_opened_window
edf33,34,IMG_16,PWA,object,923.4,664.6,166.83096235411463,6236,158,o_dog_girl_fed_dog
edf33,35,IMG_18,PWA,object,904.0,816.9,320.34394016431776,5548,636,o_veg_boy_cut_vegetables
edf33,36,IMG_08,PWA,subject,809.6,417.0,154.72831027320112,6652,258,s_boy_boy_broke_vase
edf34,19,IMG_17,ACT,object,1127.3,719.5,288.8950155333248,6106,338,o_letter_woman_read_letter
edf34,20,IMG_09,ACT,subject,1010.9,361.2,154.24739868146884,6572,146,s_boy_boy_filled_bucket
edf34,21,IMG_06,ACT,subject,978.2,318.0,184.4893763879102,6074,290,s_woman_woman_folded_clothes
edf34,22,IMG_10,PWA,subject,854.8,400.6,130.59115590268738,7216,132,s_boy_boy_opened_door
edf34,23,IMG_01,PWA,subject,1017.8,334.9,180.91069620119202,5552,152,s_girl_girl_lit_lamp
edf34,24,IMG_14,PWA,subject,741.3,236.2,329.8277429204524,5880,156,s_driver_driver_wash_scooter
edf34,25,IMG_05,PNA,object,1168.0,404.7,245.69289774024807,5862,292,o_box_man_pushed_box
edf34,26,IMG_03,PNA,object,720.2,535.8,223.89517636608426,5702,144,o_tree_girl_plant_tree
edf34,27,IMG_04,PNA,object,825.6,395.2,155.01422515369353,6448,220,o_shrub_man_cut_shrub
edf34,28,IMG_13,ACT,subject,842.2,680.1,206.56088690746853,6182,76,.
edf34,29,IMG_12,ACT,subject,1063.9,331.2,207.75143802149725,6122,152,s_child_child_throw_frisbee
edf34,30,IMG_11,ACT,subject,1003.4,579.3,101.93193807634579,5985,147,.
edf34,31,IMG_07,PWA,subject,747.6,358.4,238.930219938793,6228,116,s_artiste_artiste_drew_picture
edf34,32,IMG_15,PWA,subject,867.6,350.6,165.29116733812484,6188,196,s_girl_girl_baked_cake
edf34,33,IMG_02,PWA,subject,879.4,405.5,111.71750086714258,5600,116,s_girl_girl_opened_window
edf34,34,IMG_16,PNA,subject,809.5,458.4,137.53668601504108,5666,118,s_girl_girl_fed_dog
edf34,35,IMG_18,PNA,object,938.5,799.5,300.81038878336636,5846,326,o_veg_boy_cut_vegetables
edf34,36,IMG_08,PNA,subject,790.7,383.1,189.61394990875533,6322,122,s_boy_boy_broke_vase
edf35,19,IMG_17,PWA,subject,978.6,403.5,102.35624064999652,6140,276,s_woman_woman_read_letter
edf35,21,IMG_06,PWA,subject,953.7,311.3,187.82984320921955,6196,172,s_woman_woman_folded_clothes
edf35,23,IMG_01,PNA,object,732.1,584.8,225.94782583596592,5532,558,o_lamp_girl_light_lamp
edf35,24,IMG_14,PNA,object,902.6,362.7,141.31723178720986,6098,254,o_scooter_driver_wash_scooter
edf35,25,IMG_05,ACT,subject,919.6,289.9,209.89378266161197,6380,930,s_man_man_pushed_box
edf35,26,IMG_03,ACT,object,745.5,729.1,302.1661959915437,5926,156,o_tree_girl_plant_tree
edf35,27,IMG_04,ACT,object,840.9,454.8,109.30333938174077,6128,326,o_shrub_man_cut_shrub
edf35,28,IMG_13,PWA,subject,914.2,598.8,103.62552774292631,8016,784,s_dog_dog_dug_hole
edf35,29,IMG_12,PWA,subject,1094.6,340.4,220.5716436897544,6218,1112,s_child_child_throw_frisbee
edf35,30,IMG_11,PWA,object,755.9,584.7,204.10293971425304,6348,204,o_tabla_child_play_tabla
edf35,31,IMG_07,PNA,subject,713.8,251.0,336.11773234984196,6026,390,s_artiste_artiste_drew_picture
edf35,32,IMG_15,PNA,subject,907.7,343.8,158.43894723204895,5768,538,s_girl_girl_baked_cake
edf35,33,IMG_02,PNA,object,1191.8,531.0,252.87137046332464,6336,322,o_window_girl_opened_window
edf35,34,IMG_16,ACT,object,949.3,657.9,159.41621623912667,5812,162,o_dog_girl_fed_dog
edf35,35,IMG_18,ACT,object,938.3,855.0,356.31022999627726,5926,362,o_veg_boy_cut_vegetables
edf35,36,IMG_08,ACT,subject,722.4,354.9,261.65702742330467,6032,534,s_boy_boy_broke_vase
edf36,19,IMG_17,PNA,subject,937.4,380.7,118.05490248185376,6788,816,s_woman_woman_read_letter
edf36,20,IMG_09,PNA,subject,997.0,381.3,130.07213383350023,6624,220,s_boy_boy_filled_bucket
edf36,21,IMG_06,PNA,subject,931.4,375.9,123.17467272130258,5784,548,s_woman_woman_folded_clothes
edf36,22,IMG_10,ACT,object,974.9,613.2,119.41298086891564,6802,844,o_door_boy_opened_door
edf36,23,IMG_01,ACT,object,739.6,520.2,202.5443408244229,5780,334,o_lamp_girl_light_lamp
edf36,24,IMG_14,ACT,subject,805.5,312.9,229.96062706472168,6378,128,s_driver_driver_wash_scooter
edf36,25,IMG_05,PWA,subject,900.9,339.4,164.26959548254817,5862,364,s_man_man_pushed_box
edf36,26,IMG_03,PWA,object,610.3,487.8,330.8795853479027,6162,300,o_tree_girl_plant_tree
edf36,27,IMG_04,PWA,object,810.8,460.6,135.66005307385078,6420,342,o_shrub_man_cut_shrub
edf36,28,IMG_13,PNA,subject,867.6,608.1,131.74186881929376,5478,1118,s_dog_dog_dug_hole
edf36,29,IMG_12,PNA,object,784.8,308.4,246.19612100924746,5630,220,o_frisbee_child_throw_frisbee
edf36,30,IMG_11,PNA,object,702.8,560.1,245.98617847350698,5898,668,o_tabla_child_play_tabla
edf36,31,IMG_07,ACT,subject,864.1,318.5,195.92256123274828,6204,546,s_artiste_artiste_drew_picture
edf36,32,IMG_15,ACT,subject,822.7,342.5,195.9421598329466,6496,426,s_girl_girl_baked_cake
edf36,33,IMG_02,ACT,subject,865.0,426.8,104.62126934806324,5782,484,s_girl_girl_opened_window
edf36,34,IMG_16,PWA,object,946.6,705.4,206.77584481752214,5926,320,o_dog_girl_fed_dog
edf36,35,IMG_18,PWA,object,885.4,806.9,313.17503093318277,6176,1108,o_veg_boy_cut_vegetables
edf36,36,IMG_08,PWA,object,867.4,387.5,133.35066554014645,5866,612,o_vase_boy_broke_vase
edf37,19,IMG_11,ACT,subject,973.5,403.0,101.06799691296943,5746,130,s_child_child_play_tabla
edf37,20,IMG_10,ACT,subject,877.7,383.5,131.4455400536663,6148,252,s_boy_boy_opened_door
edf37,21,IMG_09,ACT,subject,1021.6,342.7,175.59145765099169,6694,728,s_boy_boy_filled_bucket
edf37,22,IMG_16,PWA,subject,852.2,555.0,105.14337829839782,5913,141,s_girl_girl_fed_dog
edf37,23,IMG_14,PWA,object,1023.3,408.0,122.47358898962662,5774,122,o_scooter_driver_wash_scooter
edf37,24,IMG_07,PWA,subject,701.5,263.1,335.9577503198877,5758,1096,s_artiste_artiste_drew_picture
edf37,25,IMG_03,PNA,subject,919.9,809.2,311.21609855532864,5970,208,.
edf37,26,IMG_12,PNA,subject,1097.2,362.8,207.04407743280174,6070,182,s_child_child_throw_frisbee
edf37,27,IMG_08,PNA,subject,744.0,411.3,215.51742388957788,5474,160,s_boy_boy_broke_vase
edf37,28,IMG_05,ACT,subject,958.9,369.6,130.33502982698087,5694,168,s_man_man_pushed_box
edf37,29,IMG_04,ACT,object,740.5,921.0,467.4799888765294,5528,82,o_shrub_man_cut_shrub
edf37,30,IMG_02,ACT,object,1183.7,387.5,266.9620384998587,5788,166,o_window_girl_opened_window
edf37,31,IMG_13,PWA,object,1147.4,726.3,307.2502563058329,5672,256,o_hole_dog_dug_hole
edf37,32,IMG_18,PWA,object,929.6,674.0,175.6702877552149,5537,165,o_veg_boy_cut_vegetables
edf37,33,IMG_15,PWA,object,909.3,618.6,124.01975649064954,5628,78,o_cake_girl_baked_cake
edf37,34,IMG_06,PNA,object,922.4,635.7,138.25686239749552,6140,118,o_clothes_woman_folded_clothes
edf37,35,IMG_17,PNA,object,1074.7,628.9,186.62189046304297,6158,224,o_letter_woman_read_letter
edf37,36,IMG_01,PNA,object,818.0,474.0,125.45552996978651,5894,44,o_lamp_girl_light_lamp
edf38,19,IMG_11,PWA,object,742.9,554.9,205.9175805996176,5730,238,o_tabla_child_play_tabla
edf38,20,IMG_10,PWA,object,1245.4,608.0,323.4282764385329,7730,298,o_door_boy_opened_door
edf38,21,IMG_09,PWA,subject,1015.7,385.2,135.87619364701092,5868,186,s_boy_boy_filled_bucket
edf38,22,IMG_16,PNA,subject,791.6,402.7,177.5847966465598,6158,500,s_girl_girl_fed_dog
edf38,23,IMG_14,PNA,object,1088.1,604.9,181.4300140550068,5719,223,o_scooter_driver_wash_scooter
edf38,24,IMG_07,PNA,subject,832.9,296.7,229.10611078711977,5872,192,s_artiste_artiste_drew_picture
edf38,25,IMG_03,ACT,object,648.5,593.5,307.4789261071399,6222,190,o_tree_girl_plant_tree
edf38,26,IMG_12,ACT,subject,1115.2,446.4,181.88163733593345,6258,170,s_child_child_throw_frisbee
edf38,27,IMG_08,ACT,subject,730.1,384.1,240.0249362045535,6282,704,s_boy_boy_broke_vase
edf38,28,IMG_05,PWA,subject,914.6,327.4,173.3223874749018,5554,622,s_man_man_pushed_box
edf38,29,IMG_04,PWA,object,829.7,434.4,128.5386323250718,5844,176,o_shrub_man_cut_shrub
edf38,30,IMG_02,PWA,object,1209.8,394.9,288.14558820152007,5792,782,o_window_girl_opened_window
edf38,31,IMG_13,PNA,subject,880.9,600.0,117.78667157195675,5554,298,s_dog_dog_dug_hole
edf38,32,IMG_18,PNA,object,926.7,825.5,327.1127175760674,5678,350,o_veg_boy_cut_vegetables
edf38,33,IMG_15,PNA,object,925.2,613.4,115.78311621302994,5574,282,o_cake_girl_baked_cake
edf38,34,IMG_06,ACT,subject,994.9,308.7,197.49736707105743,6606,460,s_woman_woman_folded_clothes
edf38,35,IMG_17,ACT,object,1064.4,639.2,186.9968181547484,5464,256,o_letter_woman_read_letter
edf38,36,IMG_01,ACT,object,753.2,535.7,191.41013557280604,5712,358,o_lamp_girl_light_lamp
edf39,19,IMG_11,PNA,subject,1038.3,1001.1,511.7353319832431,5633,193,.
edf39,20,IMG_10,PNA,subject,857.0,430.4,108.26305925845621,5890,450,s_boy_boy_opened_door
edf39,21,IMG_09,PNA,subject,1047.2,401.5,143.96624604399466,5634,234,s_boy_boy_filled_bucket
edf39,22,IMG_16,ACT,object,999.9,650.3,162.64000122970975,5480,186,o_dog_girl_fed_dog
edf39,23,IMG_14,ACT,subject,754.6,244.9,314.8958557999771,6252,232,s_driver_driver_wash_scooter
edf39,24,IMG_07,ACT,object,1068.2,502.2,127.24814340492364,6042,460,o_picture_artiste_drew_picture
edf39,25,IMG_03,PWA,object,746.8,705.2,283.47114491602144,5504,164,o_tree_girl_plant_tree
edf39,26,IMG_12,PWA,subject,1079.2,513.1,138.94819178384444,5588,172,s_child_child_throw_frisbee
edf39,27,IMG_08,PWA,subject,692.8,392.9,269.8089694580223,6542,158,s_boy_boy_broke_vase
edf39,28,IMG_05,PNA,object,1143.6,430.8,213.67538463753834,6234,266,o_box_man_pushed_box
edf39,29,IMG_04,PNA,object,840.0,524.1,104.14489905895536,6058,274,o_shrub_man_cut_shrub
edf39,30,IMG_02,PNA,object,1169.5,516.2,229.1691515016801,5912,604,o_window_girl_opened_window
edf39,31,IMG_13,ACT,subject,878.5,596.6,116.14930047141914,5506,192,s_dog_dog_dug_hole
edf39,32,IMG_18,ACT,object,978.0,672.9,178.08604661792006,5886,140,o_veg_boy_cut_vegetables
edf39,33,IMG_15,ACT,object,885.0,593.5,110.10467746649097,5746,224,o_cake_girl_baked_cake
edf39,34,IMG_06,PWA,object,913.2,643.9,147.83734304971796,6390,376,o_clothes_woman_folded_clothes
edf39,35,IMG_17,PWA,object,1079.5,633.0,192.92159028994138,5670,236,o_letter_woman_read_letter
edf39,36,IMG_01,PWA,object,752.0,598.5,213.7312330942766,5710,268,o_lamp_girl_light_lamp
edf40,19,IMG_11,ACT,object,850.6,581.4,122.52122265142474,5648,150,o_tabla_child_play_tabla
edf40,20,IMG_10,ACT,object,1084.3,369.6,192.8774222142135,7432,168,o_door_boy_opened_door
edf40,21,IMG_09,ACT,subject,1053.9,450.9,122.60199835239237,5830,216,s_boy_boy_filled_bucket
edf40,22,IMG_16,PWA,object,978.8,667.7,173.17574887957036,6186,136,o_dog_girl_fed_dog
edf40,23,IMG_14,PWA,object,1027.7,428.9,111.3055703907042,6038,130,o_scooter_driver_wash_scooter
edf40,24,IMG_07,PWA,object,1097.3,394.2,188.0157972086388,5992,104,o_picture_artiste_drew_picture
edf40,25,IMG_03,PNA,object,787.1,704.4,256.90017516537426,5670,186,o_tree_girl_plant_tree
edf40,26,IMG_12,PNA,subject,1114.6,432.7,185.72280420023807,5782,144,s_child_child_throw_frisbee
edf40,27,IMG_08,PNA,subject,812.9,392.7,166.2696905632533,6324,126,s_boy_boy_broke_vase
edf40,28,IMG_05,ACT,subject,966.9,329.7,170.97312654332552,6378,112,s_man_man_pushed_box
edf40,29,IMG_04,ACT,object,812.8,499.9,128.20561610163577,5912,186,o_shrub_man_cut_shrub
edf40,30,IMG_02,ACT,object,1166.3,422.4,237.86924979912806,6614,178,o_window_girl_opened_window
edf40,31,IMG_13,PWA,subject,926.5,648.2,150.20153128380556,6110,98,s_dog_dog_dug_hole
edf40,32,IMG_18,PWA,object,989.4,757.6,263.38521218929515,6368,150,o_veg_boy_cut_vegetables
edf40,33,IMG_15,PWA,subject,908.8,402.5,101.445946197963,5692,196,s_girl_girl_baked_cake
edf40,34,IMG_06,PNA,object,909.3,646.1,150.7701893611599,6226,324,o_clothes_woman_folded_clothes
edf40,35,IMG_17,PNA,subject,984.1,399.7,107.97504341281832,5764,306,s_woman_woman_read_letter
edf40,36,IMG_01,PNA,subject,970.0,381.6,120.6375148948286,5810,120,s_girl_girl_lit_lamp
edf41,19,IMG_11,PWA,object,820.1,565.7,138.2237678548809,5870,178,o_tabla_child_play_tabla
edf41,20,IMG_10,PWA,subject,861.7,386.8,137.14991797299766,6230,1004,s_boy_boy_opened_door
edf41,21,IMG_09,PWA,subject,925.3,385.3,114.48165791951126,6120,24,.
edf41,22,IMG_16,PNA,object,907.3,656.8,161.6517862567562,5502,182,o_dog_girl_fed_dog
edf41,23,IMG_14,PNA,object,1071.0,867.1,390.6642548275949,6664,140,o_scooter_driver_wash_scooter
edf41,24,IMG_07,PNA,object,1037.8,427.9,119.92864545220209,5838,226,o_picture_artiste_drew_picture
edf41,25,IMG_03,ACT,object,836.9,604.3,148.28408545761073,6098,136,o_tree_girl_plant_tree
edf41,26,IMG_12,ACT,object,785.9,329.8,229.31031376717445,6194,166,o_frisbee_child_throw_frisbee
edf41,27,IMG_08,ACT,subject,794.9,337.7,217.40793453781765,6498,60,s_boy_boy_broke_vase
edf41,28,IMG_05,PWA,object,1079.7,438.9,151.0421464360197,5454,218,o_box_man_pushed_box
edf41,29,IMG_04,PWA,object,803.8,468.1,140.57097851263612,5880,180,o_shrub_man_cut_shrub
edf41,30,IMG_02,PWA,object,1103.9,444.4,171.71167694714308,6000,148,o_window_girl_opened_window
edf41,31,IMG_13,PNA,subject,846.4,599.3,138.09243281222905,5724,118,s_dog_dog_dug_hole
edf41,32,IMG_18,PNA,object,892.8,742.2,248.2246764526042,5980,120,o_veg_boy_cut_vegetables
edf41,33,IMG_15,PNA,subject,864.6,411.8,115.7089884149023,6288,158,s_girl_girl_baked_cake
edf41,34,IMG_06,ACT,object,915.1,597.5,102.13838651555056,6132,98,o_clothes_woman_folded_clothes
edf41,35,IMG_17,ACT,subject,914.8,378.0,123.51084972584393,5614,140,s_woman_woman_read_letter
edf41,36,IMG_01,ACT,object,706.4,500.7,234.6085249942977,6294,650,o_lamp_girl_light_lamp
edf42,19,IMG_11,PNA,object,750.3,576.5,205.9595348606129,6000,252,o_tabla_child_play_tabla
edf42,20,IMG_10,PNA,subject,849.1,422.2,119.57365930672188,6184,210,s_boy_boy_opened_door
edf42,21,IMG_09,PNA,subject,1018.9,321.0,194.0249983893828,6398,408,s_boy_boy_filled_bucket
edf42,22,IMG_16,ACT,subject,888.6,601.0,114.939331823358,6302,168,s_girl_girl_fed_dog
edf42,23,IMG_14,ACT,subject,797.2,370.8,192.44960379278515,5892,138,s_driver_driver_wash_scooter
edf42,24,IMG_07,ACT,subject,865.2,377.6,142.8665461190967,5523,183,s_artiste_artiste_drew_picture
edf42,25,IMG_03,PWA,subject,1038.5,630.2,163.7024740191791,6124,200,s_girl_girl_plant_tree
edf42,26,IMG_12,PWA,object,838.5,296.6,226.60684014389324,5796,140,o_frisbee_child_throw_frisbee
edf42,27,IMG_08,PWA,subject,770.7,431.2,183.18935558596186,6008,184,s_boy_boy_broke_vase
edf42,28,IMG_05,PNA,subject,870.1,297.5,213.32662749877238,5530,192,s_man_man_pushed_box
edf42,29,IMG_04,PNA,object,806.2,460.1,140.2176878999222,5942,296,o_shrub_man_cut_shrub
edf42,30,IMG_02,PNA,subject,824.5,388.5,160.36299448438845,5788,506,s_girl_girl_opened_window
edf42,31,IMG_13,ACT,object,1099.2,743.4,291.38519179944615,6148,222,o_hole_dog_dug_hole
edf42,32,IMG_18,ACT,object,916.1,768.4,270.8470047831432,5992,188,o_veg_boy_cut_vegetables
edf42,33,IMG_15,ACT,subject,856.3,625.8,152.7367015487764,6384,170,.
edf42,34,IMG_06,PWA,object,842.7,737.0,257.77854837049574,5980,252,o_clothes_woman_folded_clothes
edf42,35,IMG_17,PWA,subject,966.5,341.9,158.85996978471326,5534,872,s_woman_woman_read_letter
edf42,36,IMG_01,PWA,object,738.0,521.8,204.3100829621485,5980,200,o_lamp_girl_light_lamp
edf43,19,IMG_11,ACT,object,765.1,662.5,240.35650604882738,5516,192,o_tabla_child_play_tabla
edf43,20,IMG_10,ACT,subject,851.7,419.5,119.36134215063096,6700,210,s_boy_boy_opened_door
edf43,21,IMG_09,ACT,object,927.2,598.7,100.94770923601986,5548,304,o_bucket_boy_filled_bucket
edf43,22,IMG_16,PWA,subject,852.0,712.2,231.3076955053593,5932,164,.
edf43,23,IMG_14,PWA,subject,783.5,250.2,294.20825957134514,5580,128,s_driver_driver_wash_scooter
edf43,24,IMG_07,PWA,object,1044.4,497.2,103.41087950501156,6396,206,o_picture_artiste_drew_picture
edf43,25,IMG_03,PNA,object,762.4,614.4,212.80143326585,5502,180,o_tree_girl_plant_tree
edf43,26,IMG_12,PNA,subject,1001.0,414.2,103.63517742542828,5540,98,s_child_child_throw_frisbee
edf43,27,IMG_08,PNA,subject,743.1,418.4,213.5708313417354,5780,238,s_boy_boy_broke_vase
edf43,28,IMG_05,ACT,object,1095.7,474.6,156.56596054059776,6022,202,o_box_man_pushed_box
edf43,29,IMG_04,ACT,object,813.4,450.5,136.40014662748717,5822,130,o_shrub_man_cut_shrub
edf43,30,IMG_02,ACT,object,1055.7,509.7,115.2262556885366,5588,118,o_window_girl_opened_window
edf43,31,IMG_13,PWA,subject,850.6,595.5,132.44772553728507,5691,377,s_dog_dog_dug_hole
edf43,32,IMG_18,PWA,object,893.2,752.2,257.96722660058975,6218,162,o_veg_boy_cut_vegetables
edf43,33,IMG_15,PWA,object,933.6,614.4,115.93640498135173,6120,4774,o_cake_girl_baked_cake
edf43,34,IMG_06,PNA,subject,1307.7,603.6,381.40909795126817,5724,3102,.
edf43,35,IMG_17,PNA,subject,915.9,749.3,251.85386635904558,6036,134,.
edf43,36,IMG_01,PNA,object,777.6,582.1,183.45331831286128,6382,186,o_lamp_girl_light_lamp
edf44,19,IMG_11,PWA,object,719.4,635.8,260.581983260547,6282,134,o_tabla_child_play_tabla
edf44,20,IMG_10,PWA,subject,815.2,401.3,159.09871149698222,6010,140,s_boy_boy_opened_door
edf44,21,IMG_09,PWA,object,898.1,597.6,107.80361775005514,5802,396,o_bucket_boy_filled_bucket
edf44,22,IMG_16,PNA,object,975.0,645.9,151.07561020892814,6220,42,o_dog_girl_fed_dog
edf44,23,IMG_14,PNA,subject,725.6,378.8,246.52214910632267,5856,116,s_driver_driver_wash_scooter
edf44,24,IMG_07,PNA,subject,843.1,258.0,259.84784009108097,6332,128,s_artiste_artiste_drew_picture
edf44,25,IMG_03,ACT,object,644.9,777.5,406.6997049421108,6288,298,o_tree_girl_plant_tree
edf44,26,IMG_12,ACT,subject,1078.2,440.3,149.11203841407308,5682,186,s_child_child_throw_frisbee
edf44,27,IMG_08,ACT,subject,707.5,478.5,234.37211864895534,6190,184,s_boy_boy_broke_vase
edf44,28,IMG_05,PWA,object,1111.8,467.8,173.57260728582716,6428,844,o_box_man_pushed_box
edf44,29,IMG_04,PWA,object,719.2,589.5,239.6661845150458,5844,168,o_shrub_man_cut_shrub
edf44,30,IMG_02,PWA,subject,841.0,471.2,103.7123425634577,6358,122,s_girl_girl_opened_window
edf44,31,IMG_13,PNA,subject,864.6,608.1,133.43657669469792,5620,148,s_dog_dog_dug_hole
edf44,32,IMG_18,PNA,object,859.0,815.6,327.33715035113266,6114,134,o_veg_boy_cut_vegetables
edf44,33,IMG_15,PNA,object,889.8,642.3,152.4545834010903,5800,232,o_cake_girl_baked_cake
edf44,34,IMG_06,ACT,object,849.7,701.2,222.13045716425296,6148,212,o_clothes_woman_folded_clothes
edf44,35,IMG_17,ACT,subject,961.3,391.8,108.81038553373476,5968,672,s_woman_woman_read_letter
edf44,36,IMG_01,ACT,object,686.7,618.8,281.2338884274084,5936,180,o_lamp_girl_light_lamp
edf46,19,IMG_11,ACT,subject,996.3,273.0,232.37594539882994,5992,152,s_child_child_play_tabla
edf46,20,IMG_10,ACT,object,921.2,400.0,100.66642935954367,6194,230,o_door_boy_opened_door
edf46,21,IMG_09,ACT,subject,1052.6,360.6,177.55610380947192,6140,224,s_boy_boy_filled_bucket
edf46,22,IMG_16,PWA,object,954.2,743.4,245.0557691628581,6454,162,o_dog_girl_fed_dog
edf46,23,IMG_14,PWA,subject,736.3,239.5,330.2828030642831,6322,126,s_driver_driver_wash_scooter
edf46,24,IMG_07,PWA,object,911.5,313.6,187.4360157493751,5514,122,o_picture_artiste_drew_picture
edf46,25,IMG_03,PNA,object,683.4,746.0,357.0924950205479,5876,220,o_tree_girl_plant_tree
edf46,26,IMG_12,PNA,subject,1079.0,325.3,221.61128130129114,6288,246,s_child_child_throw_frisbee
edf46,27,IMG_08,PNA,object,903.7,401.1,104.48468787339124,6314,238,o_vase_boy_broke_vase
edf46,28,IMG_05,ACT,subject,987.4,340.3,165.0561116711526,6292,112,.
edf46,29,IMG_04,ACT,object,742.2,455.3,203.48218595248082,6176,190,o_shrub_man_cut_shrub
edf46,30,IMG_02,ACT,subject,711.9,497.0,229.10630720257356,5942,172,s_girl_girl_opened_window
edf46,31,IMG_13,PWA,object,1060.0,754.4,282.0345546205287,6146,230,o_hole_dog_dug_hole
edf46,32,IMG_18,PWA,subject,688.6,510.6,252.68037122024336,5900,40,.
edf46,33,IMG_15,PWA,subject,892.9,357.9,148.789280527866,6510,230,s_girl_girl_baked_cake
edf46,34,IMG_06,PNA,object,926.0,629.5,131.65728236599753,5798,196,o_clothes_woman_folded_clothes
edf46,35,IMG_17,PNA,object,1097.1,656.9,222.24862204297233,5920,164,o_letter_woman_read_letter
edf46,36,IMG_01,PNA,subject,989.6,396.2,113.43813291834454,6158,176,s_girl_girl_lit_lamp
edf47,19,IMG_11,PWA,object,749.4,592.9,213.50456669589065,5956,212,o_tabla_child_play_tabla
edf47,20,IMG_10,PWA,object,922.9,352.6,147.2169147890282,5662,464,o_door_boy_opened_door
edf47,21,IMG_09,PWA,subject,1030.6,350.1,173.52267863308234,5926,890,s_boy_boy_filled_bucket
edf47,22,IMG_16,PNA,object,1019.1,641.3,162.5865000545863,5962,476,o_dog_girl_fed_dog
edf47,23,IMG_14,PNA,object,1079.9,387.0,178.24168984836297,6024,852,o_scooter_driver_wash_scooter
edf47,24,IMG_07,PNA,object,1106.4,398.5,193.38355669497867,6298,262,o_picture_artiste_drew_picture
edf47,25,IMG_03,ACT,object,703.8,618.2,265.60137424343276,6148,164,o_tree_girl_plant_tree
edf47,26,IMG_12,ACT,subject,1055.7,304.6,225.45709126128634,5644,194,s_child_child_throw_frisbee
edf47,27,IMG_08,ACT,object,968.1,365.9,135.5368953458799,5818,332,o_vase_boy_broke_vase
edf47,28,IMG_05,PWA,object,1222.6,365.9,311.3428977831355,6096,356,o_box_man_pushed_box
edf47,29,IMG_04,PWA,object,849.0,433.9,112.53017373131529,5784,326,o_shrub_man_cut_shrub
edf47,30,IMG_02,PWA,subject,925.9,359.3,140.2154413750497,5646,222,s_girl_girl_opened_window
edf47,31,IMG_13,PNA,object,1101.6,697.3,255.41010160132657,6034,114,o_hole_dog_dug_hole
edf47,32,IMG_18,PNA,subject,1048.3,495.9,107.33652686760453,5810,240,s_boy_boy_cut_vegetables
edf47,33,IMG_15,PNA,subject,1061.3,444.2,132.0694514261341,5454,410,.
edf47,34,IMG_06,ACT,object,964.2,631.8,135.10680959892434,5856,194,o_clothes_woman_folded_clothes
edf47,35,IMG_17,ACT,subject,1011.5,378.9,139.00464021031817,6198,254,s_woman_woman_read_letter
edf47,36,IMG_01,ACT,object,694.2,536.7,249.70830983369373,6456,226,o_lamp_girl_light_lamp
edf48,19,IMG_11,PNA,object,757.2,609.2,214.4590636928176,6344,246,o_tabla_child_play_tabla
edf48,20,IMG_10,PNA,subject,830.9,454.7,118.5664792426595,7762,588,s_boy_boy_opened_door
edf48,21,IMG_09,PNA,object,862.6,579.1,112.29746212626536,6256,180,o_bucket_boy_filled_bucket
edf48,22,IMG_16,ACT,subject,914.5,595.9,100.74765505955956,6009,217,.
edf48,23,IMG_14,ACT,subject,737.7,219.2,345.6170424038722,6374,246,s_driver_driver_wash_scooter
edf48,24,IMG_07,ACT,subject,904.2,314.4,187.93810151217343,6404,448,.
edf48,25,IMG_03,PWA,object,694.8,683.1,307.6000650194991,6184,190,o_tree_girl_plant_tree
edf48,26,IMG_12,PWA,object,735.5,311.7,277.84753013118547,6152,988,o_frisbee_child_throw_frisbee
edf48,27,IMG_08,PWA,subject,690.6,386.1,274.55221725566156,6790,156,s_boy_boy_broke_vase
edf48,28,IMG_05,PNA,subject,888.6,413.2,100.27965895434626,5796,192,s_man_man_pushed_box
edf48,29,IMG_04,PNA,object,815.1,528.7,129.4249203206245,5910,162,o_shrub_man_cut_shrub
edf48,30,IMG_02,PNA,subject,842.9,439.1,114.78575695616595,6006,128,s_girl_girl_opened_window
edf48,31,IMG_13,ACT,subject,858.0,592.5,125.24951097708926,5650,292,s_dog_dog_dug_hole
edf48,32,IMG_18,ACT,object,857.4,811.9,324.16538988608886,6092,216,o_veg_boy_cut_vegetables
edf48,33,IMG_15,ACT,subject,826.7,441.4,127.8584373438061,6054,126,s_girl_girl_baked_cake
edf48,34,IMG_06,PWA,object,861.3,696.5,213.2532063064938,6618,244,o_clothes_woman_folded_clothes
edf48,35,IMG_17,PWA,subject,949.1,360.1,138.8364865588293,7172,236,s_woman_woman_read_letter
edf48,36,IMG_01,PWA,object,729.5,580.1,226.62349834030894,6146,156,o_lamp_girl_light_lamp
edf49,19,IMG_17,ACT,subject,999.2,349.8,159.8701035215778,5906,188,s_woman_woman_read_letter
edf49,20,IMG_09,ACT,subject,1086.9,307.1,240.82643127364574,6652,214,s_boy_boy_filled_bucket
edf49,21,IMG_06,ACT,subject,998.7,333.8,174.7034630452413,5672,146,s_woman_woman_folded_clothes
edf49,22,IMG_10,PWA,subject,775.6,520.6,166.84354947075417,5426,164,s_boy_boy_opened_door
edf49,23,IMG_01,PWA,subject,576.4,578.5,373.2307597184348,5380,142,.
edf49,24,IMG_14,PWA,subject,835.0,479.3,107.76066072551708,6314,138,s_driver_driver_wash_scooter
edf49,25,IMG_05,PNA,subject,1001.7,350.1,160.51931347971805,6384,170,.
edf49,26,IMG_03,PNA,object,710.9,565.2,239.5167217544529,6398,144,o_tree_girl_plant_tree
edf49,27,IMG_04,PNA,object,793.7,465.1,151.08358613694602,6574,344,o_shrub_man_cut_shrub
edf49,28,IMG_13,ACT,object,984.2,750.1,255.08469181822736,6232,238,o_hole_dog_dug_hole
edf49,29,IMG_12,ACT,subject,1074.1,410.5,159.67106813696705,6284,170,s_child_child_throw_frisbee
edf49,30,IMG_11,ACT,object,810.2,580.2,154.11323758846933,5492,126,o_tabla_child_play_tabla
edf49,31,IMG_07,PWA,object,1080.3,467.1,142.83924530744338,6418,144,o_picture_artiste_drew_picture
edf49,32,IMG_15,PWA,subject,919.1,363.4,137.06093535358644,6504,702,s_girl_girl_baked_cake
edf49,33,IMG_02,PWA,subject,837.4,492.9,103.76222819504217,5683,345,s_girl_girl_opened_window
edf49,34,IMG_16,PNA,subject,910.0,636.4,141.14634249600658,5748,150,.
edf49,35,IMG_18,PNA,object,978.5,743.0,247.1613642946648,6204,148,o_veg_boy_cut_vegetables
edf49,36,IMG_08,PNA,subject,801.5,358.3,197.92021119633029,6520,158,s_boy_boy_broke_vase
edf50,19,IMG_17,PWA,object,993.8,649.2,159.4932286963933,6498,266,o_letter_woman_read_letter
edf50,20,IMG_09,PWA,object,709.4,525.7,233.1685227469609,6116,166,o_bucket_boy_filled_bucket
edf50,21,IMG_06,PWA,subject,147.1,1116.9,1006.2049741479118,6055,203,.
edf50,22,IMG_10,PNA,subject,809.0,660.7,208.96889720721603,7480,168,s_boy_boy_opened_door
edf50,23,IMG_01,PNA,object,787.8,481.0,154.21909739069287,6382,162,o_lamp_girl_light_lamp
edf50,24,IMG_14,PNA,object,993.6,797.8,303.6899241002243,6714,222,o_scooter_driver_wash_scooter
edf50,25,IMG_05,ACT,object,1071.6,434.0,145.74789878416763,6468,32,o_box_man_pushed_box
edf50,26,IMG_03,ACT,object,788.9,601.9,183.80601187121167,5194,188,o_tree_girl_plant_tree
edf50,27,IMG_04,ACT,object,769.1,506.1,172.05920492667633,5734,174,o_shrub_man_cut_shrub
edf50,28,IMG_13,PWA,subject,838.4,700.6,226.47377331602885,5880,224,.
edf50,29,IMG_12,PWA,object,840.5,349.5,179.89132830684196,5936,230,o_frisbee_child_throw_frisbee
edf50,30,IMG_11,PWA,object,792.4,593.2,176.10283927296578,5918,206,o_tabla_child_play_tabla
edf50,31,IMG_07,PNA,object,1048.8,484.3,108.75752847504393,6560,224,o_picture_artiste_drew_picture
edf50,32,IMG_15,PNA,subject,859.6,606.0,134.6820329516896,5816,348,.
edf50,33,IMG_02,PNA,object,1156.1,496.0,215.11694493925847,6374,150,o_window_girl_opened_window
edf50,34,IMG_16,ACT,object,955.2,685.8,187.63808248860354,5832,194,o_dog_girl_fed_dog
edf50,35,IMG_18,ACT,object,904.5,826.2,329.52769231128366,6534,156,o_veg_boy_cut_vegetables
edf50,36,IMG_08,ACT,object,1008.2,597.5,119.48757257556122,7174,196,o_vase_boy_broke_vase
