participant_id,data_file,TRIAL_INDEX,TRIAL_LABEL,TRIAL_START_TIME,CURRENT_SAC_DURATION,CURRENT_SAC_AMPLITUDE,CURRENT_SAC_AVG_VELOCITY,CURRENT_SAC_PEAK_VELOCITY,CURRENT_SAC_INDEX,CURRENT_SAC_START_TIME,CURRENT_SAC_END_TIME,CURRENT_SAC_DIRECTION,CURRENT_SAC_ANGLE,CURRENT_SAC_START_X,CURRENT_SAC_START_Y,CURRENT_SAC_END_X,CURRENT_SAC_END_Y,CURRENT_SAC_START_INTEREST_AREA_LABEL,CURRENT_SAC_END_INTEREST_AREA_LABEL,CURRENT_SAC_START_INTEREST_AREA_ID,CURRENT_SAC_END_INTEREST_AREA_ID,sentence,voice_id,image_id,stim_id,image,stimulus_file,session_var,exp_id,language,audio,aoi_type_start,aoi_type_end,saccade_transition,trial_id,time_from_trial_start,sentence_clean,merge_key,total_trial_duration,trial_duration,total_fixations_subject_object
edf01,saccade_edf01_2025_04_08_13_47.xls,29,Trial: 29,2655554,126,0.65,1065.74,3359.49,4,7508,7632,UP,132.22,1097.1,303.2,1073.4,277.1,s_child_child_throw_frisbee,s_child_child_throw_frisbee,2.0,2.0,exp_images/sentences/active_child_frisbee.jpg,ACT,IMG_12,STIM_66,exp_images/images/child_throw_frisbee.jpg,stimuli_list_subj_1_a.csv,experiment,IMG_12_E_ACT,ENGLISH,exp_images/audio\ENGLISH\frisbee.wav,subject,subject,subject_to_subject,edf01_29,-2648046,exp_images/sentences/active_child_frisbee.jpg,edf01|29|exp_images/sentences/active_child_frisbee.jpg,4691.0,4993.0,7.0
edf01,saccade_edf01_2025_04_08_13_47.xls,36,Trial: 36,2757428,816,4.82,366.79,1185.28,2,6518,7332,RIGHT,-24.31,938.4,554.9,1179.7,664.5,o_vase_boy_broke_vase,.,3.0,,exp_images/sentences/noagent_boy_vase.jpg,PNA,IMG_08,STIM_98,exp_images/images/boy_broke_vase.jpg,stimuli_list_subj_1_a.csv,experiment,IMG_08_E_PNA,ENGLISH,exp_images/audio\ENGLISH\p_woa_vase.wav,object,other,other,edf01_36,-2750910,exp_images/sentences/noagent_boy_vase.jpg,edf01|36|exp_images/sentences/noagent_boy_vase.jpg,3836.0,4992.0,6.0
edf07,saccade_edf07_2025_04_11_17_09.xls,30,Trial: 30,1431746,1884,12.99,137.57,714.79,5,8814,10696,RIGHT,17.8,-279.1,331.5,461.5,101.1,.,.,,,exp_images/sentences/active_child_tabla.jpg,ACT,IMG_11,STIM_65,exp_images/images/child_play_tabla.jpg,stimuli_list_subj_7_a.csv,experiment,IMG_11_E_ACT,ENGLISH,exp_images/audio\ENGLISH\tabla.wav,other,other,other,edf07_30,-1422932,exp_images/sentences/active_child_tabla.jpg,edf07|30|exp_images/sentences/active_child_tabla.jpg,7045.0,5350.0,5.0
edf07,saccade_edf07_2025_04_11_17_09.xls,32,Trial: 32,1461006,3486,28.51,444.1,993.81,1,3746,7230,UP,108.48,60.2,1308.8,-522.2,-401.3,.,.,,,exp_images/sentences/passive_girl_cake.jpg,PWA,IMG_15,STIM_87,exp_images/images/girl_baked_cake.jpg,stimuli_list_subj_7_a.csv,experiment,IMG_15_E_PWA,ENGLISH,exp_images/audio\ENGLISH\p_cake.wav,other,other,other,edf07_32,-1457260,exp_images/sentences/passive_girl_cake.jpg,edf07|32|exp_images/sentences/passive_girl_cake.jpg,8103.0,5542.0,9.0
edf07,saccade_edf07_2025_04_11_17_09.xls,33,Trial: 33,1476096,2354,1.6,248.14,972.48,8,8632,10984,RIGHT,-2.17,347.9,1381.4,444.0,1385.2,.,.,,,exp_images/sentences/passive_girl_window.jpg,PWA,IMG_02,STIM_74,exp_images/images/girl_opened_window.jpg,stimuli_list_subj_7_a.csv,experiment,IMG_02_E_PWA,ENGLISH,exp_images/audio\ENGLISH\p_window.wav,other,other,other,edf07_33,-1467464,exp_images/sentences/passive_girl_window.jpg,edf07|33|exp_images/sentences/passive_girl_window.jpg,6536.0,4993.0,9.0
edf07,saccade_edf07_2025_04_11_17_09.xls,35,Trial: 35,1506146,3966,11.85,162.25,2153.52,1,5252,9216,UP,71.49,473.4,799.7,690.1,150.6,.,.,,,exp_images/sentences/noagent_boy_vegetables.jpg,PNA,IMG_18,STIM_108,exp_images/images/boy_cut_vegetables.jpg,stimuli_list_subj_7_a.csv,experiment,IMG_18_E_PNA,ENGLISH,exp_images/audio\ENGLISH\p_woa_veg.wav,other,other,other,edf07_35,-1500894,exp_images/sentences/noagent_boy_vegetables.jpg,edf07|35|exp_images/sentences/noagent_boy_vegetables.jpg,6628.0,5563.0,5.0
edf09,saccade_edf09_2025_04_15_13_10.xls,14,Trial: 15,1050458,324,21.79,1067.39,1907.37,16,5372,5694,RIGHT,14.29,1338.5,775.5,2676.2,448.3,o_hole_dog_dug_hole,.,3.0,,UNDEFINED,UNDEFINED,IMG_13,UNDEFINED,exp_images/images/dog_dug_hole.jpg,UNDEFINED,free_view,UNDEFINED,UNDEFINED,UNDEFINED,object,other,other,edf09_14,-1045086,UNDEFINED,edf09|14|UNDEFINED,,,
edf09,saccade_edf09_2025_04_15_13_10.xls,35,Trial: 36,1345864,748,9.34,1065.56,4217.89,8,9294,10040,DOWN,-94.75,957.4,340.7,912.7,882.7,s_boy_boy_cut_vegetables,o_veg_boy_cut_vegetables,1.0,2.0,exp_images/sentences/Veg-passive.jpg,PWA,IMG_18,STIM_36,exp_images/images/boy_cut_vegetables.jpg,stimuli_list_subj_9_a.csv,experiment,IMG_18_P_PWA,PUNJABI,exp_images/audio\PUNJABI\p_veg.wav,subject,object,subject_to_object,edf09_35,-1336570,exp_images/sentences/Veg-passive.jpg,edf09|35|exp_images/sentences/Veg-passive.jpg,4004.0,4992.0,9.0
edf10,saccade_edf10_2025_04_16_12_21.xls,12,Trial: 12,2261500,538,15.16,410.09,1886.56,13,4566,5102,LEFT,-142.82,737.3,639.5,21.0,1187.8,s_dog_dog_dug_hole,.,2.0,,UNDEFINED,UNDEFINED,IMG_13,UNDEFINED,exp_images/images/dog_dug_hole.jpg,UNDEFINED,free_view,UNDEFINED,UNDEFINED,UNDEFINED,subject,other,other,edf10_12,-2256934,UNDEFINED,edf10|12|UNDEFINED,,,
edf10,saccade_edf10_2025_04_16_12_21.xls,26,Trial: 26,2468172,1558,28.48,125.57,1251.55,10,8022,9578,LEFT,-147.93,670.3,484.9,-915.4,1444.6,o_tree_girl_plant_tree,.,2.0,,exp_images/sentences/noagent_girl_sapling.jpg,PNA,IMG_03,STIM_93,exp_images/images/girl_plant_tree.jpg,stimuli_list_subj_10_a.csv,experiment,IMG_03_E_PNA,ENGLISH,exp_images/audio\ENGLISH\p_woa_sapling.wav,object,other,other,edf10_26,-2460150,exp_images/sentences/noagent_girl_sapling.jpg,edf10|26|exp_images/sentences/noagent_girl_sapling.jpg,6000.0,5156.0,23.0
edf19,saccade_edf19_2025_04_28_13_28.xls,12,Trial: 13,1542621,190,2.34,1042.1,2989.37,6,2956,3144,RIGHT,22.06,765.5,425.1,898.1,372.5,.,.,,,UNDEFINED,UNDEFINED,IMG_12,UNDEFINED,exp_images/images/child_throw_frisbee.jpg,UNDEFINED,free_view,UNDEFINED,UNDEFINED,UNDEFINED,other,other,other,edf19_12,-1539665,UNDEFINED,edf19|12|UNDEFINED,,,
edf19,saccade_edf19_2025_04_28_13_28.xls,22,Trial: 23,1686001,878,4.71,767.7,2489.32,2,6380,7256,DOWN,-65.62,842.8,523.3,958.1,778.1,s_girl_girl_fed_dog,o_dog_girl_fed_dog,2.0,3.0,exp_images/sentences/Fed-dog-passive.jpg,PWA,IMG_16,STIM_34,exp_images/images/girl_fed_dog.jpg,stimuli_list_subj_7_b.csv,experiment,IMG_16_P_PWA,PUNJABI,exp_images/audio\PUNJABI\p_fed.wav,subject,object,subject_to_object,edf19_22,-1679621,exp_images/sentences/Fed-dog-passive.jpg,edf19|22|exp_images/sentences/Fed-dog-passive.jpg,1893.0,4993.0,11.0
edf19,saccade_edf19_2025_04_28_13_28.xls,22,Trial: 23,1686001,1122,4.45,1081.72,3349.73,4,7828,8948,LEFT,153.69,960.0,712.8,723.4,595.7,o_dog_girl_fed_dog,s_girl_girl_fed_dog,3.0,2.0,exp_images/sentences/Fed-dog-passive.jpg,PWA,IMG_16,STIM_34,exp_images/images/girl_fed_dog.jpg,stimuli_list_subj_7_b.csv,experiment,IMG_16_P_PWA,PUNJABI,exp_images/audio\PUNJABI\p_fed.wav,object,subject,object_to_subject,edf19_22,-1678173,exp_images/sentences/Fed-dog-passive.jpg,edf19|22|exp_images/sentences/Fed-dog-passive.jpg,1893.0,4993.0,11.0
edf19,saccade_edf19_2025_04_28_13_28.xls,22,Trial: 23,1686001,662,6.41,849.95,3085.02,10,10356,11016,DOWN,-75.31,827.5,351.4,923.9,719.5,s_girl_girl_fed_dog,o_dog_girl_fed_dog,2.0,3.0,exp_images/sentences/Fed-dog-passive.jpg,PWA,IMG_16,STIM_34,exp_images/images/girl_fed_dog.jpg,stimuli_list_subj_7_b.csv,experiment,IMG_16_P_PWA,PUNJABI,exp_images/audio\PUNJABI\p_fed.wav,subject,object,subject_to_object,edf19_22,-1675645,exp_images/sentences/Fed-dog-passive.jpg,edf19|22|exp_images/sentences/Fed-dog-passive.jpg,1893.0,4993.0,11.0
edf19,saccade_edf19_2025_04_28_13_28.xls,23,Trial: 24,1700891,112,0.18,1210.95,2811.35,5,6282,6392,.,61.4,667.0,742.7,672.0,733.5,s_driver_driver_wash_scooter,s_driver_driver_wash_scooter,2.0,2.0,exp_images/sentences/Washed-scooter-passive.jpg,PWA,IMG_14,STIM_32,exp_images/images/driver_wash_scooter.jpg,stimuli_list_subj_7_b.csv,experiment,IMG_14_P_PWA,PUNJABI,exp_images/audio\PUNJABI\p_scooter.wav,subject,subject,subject_to_subject,edf19_23,-1694609,exp_images/sentences/Washed-scooter-passive.jpg,edf19|23|exp_images/sentences/Washed-scooter-passive.jpg,3924.0,4992.0,16.0
edf19,saccade_edf19_2025_04_28_13_28.xls,24,Trial: 25,1715015,418,12.89,1442.27,5987.45,5,6384,6800,LEFT,153.68,1118.5,549.2,429.1,209.0,o_picture_artiste_drew_picture,.,2.0,,exp_images/sentences/Painting-passive.jpg,PWA,IMG_07,STIM_25,exp_images/images/artiste_drew_picture.jpg,stimuli_list_subj_7_b.csv,experiment,IMG_07_P_PWA,PUNJABI,exp_images/audio\PUNJABI\p_picture.wav,object,other,other,edf19_24,-1708631,exp_images/sentences/Painting-passive.jpg,edf19|24|exp_images/sentences/Painting-passive.jpg,2924.0,4942.0,11.0
edf19,saccade_edf19_2025_04_28_13_28.xls,25,Trial: 26,1729133,874,4.44,1125.35,5489.45,2,6054,6926,UP,46.11,741.0,638.9,924.0,448.7,o_tree_girl_plant_tree,s_girl_girl_plant_tree,2.0,3.0,exp_images/sentences/Sapling-woa.jpg,PNA,IMG_03,STIM_39,exp_images/images/girl_plant_tree.jpg,stimuli_list_subj_7_b.csv,experiment,IMG_03_P_PNA,PUNJABI,exp_images/audio\PUNJABI\p_woa_sapling.wav,object,subject,object_to_subject,edf19_25,-1723079,exp_images/sentences/Sapling-woa.jpg,edf19|25|exp_images/sentences/Sapling-woa.jpg,2010.0,4632.0,5.0
edf19,saccade_edf19_2025_04_28_13_28.xls,25,Trial: 26,1729133,856,0.17,793.09,3915.19,4,7272,8126,.,78.24,955.1,502.1,957.1,492.5,s_girl_girl_plant_tree,s_girl_girl_plant_tree,3.0,3.0,exp_images/sentences/Sapling-woa.jpg,PNA,IMG_03,STIM_39,exp_images/images/girl_plant_tree.jpg,stimuli_list_subj_7_b.csv,experiment,IMG_03_P_PNA,PUNJABI,exp_images/audio\PUNJABI\p_woa_sapling.wav,subject,subject,subject_to_subject,edf19_25,-1721861,exp_images/sentences/Sapling-woa.jpg,edf19|25|exp_images/sentences/Sapling-woa.jpg,2010.0,4632.0,5.0
edf19,saccade_edf19_2025_04_28_13_28.xls,25,Trial: 26,1729133,706,5.56,1389.66,3193.25,8,9186,9890,LEFT,147.82,963.8,525.0,685.1,349.6,s_girl_girl_plant_tree,.,3.0,,exp_images/sentences/Sapling-woa.jpg,PNA,IMG_03,STIM_39,exp_images/images/girl_plant_tree.jpg,stimuli_list_subj_7_b.csv,experiment,IMG_03_P_PNA,PUNJABI,exp_images/audio\PUNJABI\p_woa_sapling.wav,subject,other,other,edf19_25,-1719947,exp_images/sentences/Sapling-woa.jpg,edf19|25|exp_images/sentences/Sapling-woa.jpg,2010.0,4632.0,5.0
edf19,saccade_edf19_2025_04_28_13_28.xls,25,Trial: 26,1729133,78,29.92,1256.71,2526.31,10,10292,10368,RIGHT,-33.37,-243.9,-508.3,1291.4,497.3,.,.,,,exp_images/sentences/Sapling-woa.jpg,PNA,IMG_03,STIM_39,exp_images/images/girl_plant_tree.jpg,stimuli_list_subj_7_b.csv,experiment,IMG_03_P_PNA,PUNJABI,exp_images/audio\PUNJABI\p_woa_sapling.wav,other,other,other,edf19_25,-1718841,exp_images/sentences/Sapling-woa.jpg,edf19|25|exp_images/sentences/Sapling-woa.jpg,2010.0,4632.0,5.0
edf19,saccade_edf19_2025_04_28_13_28.xls,26,Trial: 27,1743359,570,4.13,660.57,2499.7,3,6050,6618,LEFT,-178.69,1087.8,410.5,843.1,416.1,s_child_child_throw_frisbee,o_frisbee_child_throw_frisbee,2.0,3.0,exp_images/sentences/Frisbee-woa.jpg,PNA,IMG_12,STIM_48,exp_images/images/child_throw_frisbee.jpg,stimuli_list_subj_7_b.csv,experiment,IMG_12_P_PNA,PUNJABI,exp_images/audio\PUNJABI\p_woa_frisbee.wav,subject,object,subject_to_object,edf19_26,-1737309,exp_images/sentences/Frisbee-woa.jpg,edf19|26|exp_images/sentences/Frisbee-woa.jpg,2745.0,4993.0,7.0
edf19,saccade_edf19_2025_04_28_13_28.xls,26,Trial: 27,1743359,1038,3.27,1239.23,4023.6,5,6986,8022,LEFT,150.58,1121.4,419.9,952.0,324.7,s_child_child_throw_frisbee,.,2.0,,exp_images/sentences/Frisbee-woa.jpg,PNA,IMG_12,STIM_48,exp_images/images/child_throw_frisbee.jpg,stimuli_list_subj_7_b.csv,experiment,IMG_12_P_PNA,PUNJABI,exp_images/audio\PUNJABI\p_woa_frisbee.wav,subject,other,other,edf19_26,-1736373,exp_images/sentences/Frisbee-woa.jpg,edf19|26|exp_images/sentences/Frisbee-woa.jpg,2745.0,4993.0,7.0
edf19,saccade_edf19_2025_04_28_13_28.xls,28,Trial: 29,1771807,210,1.71,1017.26,2874.15,8,9454,9662,RIGHT,22.27,817.0,458.9,910.7,420.6,s_man_man_pushed_box,s_man_man_pushed_box,3.0,3.0,exp_images/sentences/active_man_box.jpg,ACT,IMG_05,STIM_59,exp_images/images/man_pushed_box.jpg,stimuli_list_subj_7_b.csv,experiment,IMG_05_E_ACT,ENGLISH,exp_images/audio\ENGLISH\box.wav,subject,subject,subject_to_subject,edf19_28,-1762353,exp_images/sentences/active_man_box.jpg,edf19|28|exp_images/sentences/active_man_box.jpg,4294.0,4992.0,10.0
edf19,saccade_edf19_2025_04_28_13_28.xls,31,Trial: 32,1816203,286,4.49,1205.34,3409.43,9,9190,9474,RIGHT,5.37,874.2,620.3,1138.4,595.5,s_dog_dog_dug_hole,.,2.0,,exp_images/sentences/passive_dog_hole.jpg,PWA,IMG_13,STIM_85,exp_images/images/dog_dug_hole.jpg,stimuli_list_subj_7_b.csv,experiment,IMG_13_E_PWA,ENGLISH,exp_images/audio\ENGLISH\p_dug.wav,subject,other,other,edf19_31,-1807013,exp_images/sentences/passive_dog_hole.jpg,edf19|31|exp_images/sentences/passive_dog_hole.jpg,4425.0,4993.0,11.0
edf21,saccade_edf21_2025_05_05_13_21.xls,33,Trial: 33,1164806,1218,3.78,571.03,2523.13,5,9028,10244,DOWN,-72.7,919.0,339.1,985.5,552.8,s_girl_girl_baked_cake,o_cake_girl_baked_cake,2.0,3.0,exp_images/sentences/Cake.jpg,ACT,IMG_15,STIM_15,exp_images/images/girl_baked_cake.jpg,stimuli_list_subj_9_b.csv,experiment,IMG_15_P_ACT,PUNJABI,exp_images/audio\PUNJABI\cake.wav,subject,object,subject_to_object,edf21_33,-1155778,exp_images/sentences/Cake.jpg,edf21|33|exp_images/sentences/Cake.jpg,3392.0,4992.0,6.0
edf22,saccade_edf22_2025_05_08_11_37.xls,26,Trial: 26,2678780,1802,9.77,96.99,265.78,12,8898,10698,DOWN,-129.81,430.4,695.1,44.6,1152.7,.,.,,,exp_images/sentences/noagent_child_frisbee.jpg,PNA,IMG_12,STIM_102,exp_images/images/child_throw_frisbee.jpg,stimuli_list_subj_10_b.csv,experiment,IMG_12_E_PNA,ENGLISH,exp_images/audio\ENGLISH\p_woa_frisbee.wav,other,other,other,edf22_26,-2669882,exp_images/sentences/noagent_child_frisbee.jpg,edf22|26|exp_images/sentences/noagent_child_frisbee.jpg,7181.0,5377.0,16.0
edf22,saccade_edf22_2025_05_08_11_37.xls,30,Trial: 30,2737266,844,1.66,310.75,2708.44,1,5060,5902,LEFT,148.75,1017.7,427.3,933.2,376.2,o_window_girl_opened_window,s_girl_girl_opened_window,3.0,2.0,exp_images/sentences/Window.jpg,ACT,IMG_02,STIM_02,exp_images/images/girl_opened_window.jpg,stimuli_list_subj_10_b.csv,experiment,IMG_02_P_ACT,PUNJABI,exp_images/audio\PUNJABI\window.wav,object,subject,object_to_subject,edf22_30,-2732206,exp_images/sentences/Window.jpg,edf22|30|exp_images/sentences/Window.jpg,8166.0,4704.0,21.0
edf22,saccade_edf22_2025_05_08_11_37.xls,31,Trial: 31,2751546,524,2.5,269.6,656.36,1,5220,5742,UP,82.39,789.5,350.9,808.7,207.1,.,.,,,exp_images/sentences/Dog-dug-passive.jpg,PWA,IMG_13,STIM_31,exp_images/images/dog_dug_hole.jpg,stimuli_list_subj_10_b.csv,experiment,IMG_13_P_PWA,PUNJABI,exp_images/audio\PUNJABI\p_dug.wav,other,other,other,edf22_31,-2746326,exp_images/sentences/Dog-dug-passive.jpg,edf22|31|exp_images/sentences/Dog-dug-passive.jpg,5979.0,5343.0,13.0
edf22,saccade_edf22_2025_05_08_11_37.xls,31,Trial: 31,2751546,566,2.49,327.98,766.04,4,6878,7442,UP,123.83,917.1,527.5,837.2,408.3,s_dog_dog_dug_hole,.,2.0,,exp_images/sentences/Dog-dug-passive.jpg,PWA,IMG_13,STIM_31,exp_images/images/dog_dug_hole.jpg,stimuli_list_subj_10_b.csv,experiment,IMG_13_P_PWA,PUNJABI,exp_images/audio\PUNJABI\p_dug.wav,subject,other,other,edf22_31,-2744668,exp_images/sentences/Dog-dug-passive.jpg,edf22|31|exp_images/sentences/Dog-dug-passive.jpg,5979.0,5343.0,13.0
edf22,saccade_edf22_2025_05_08_11_37.xls,31,Trial: 31,2751546,1148,19.2,189.03,700.46,7,7816,8962,LEFT,-161.82,830.5,481.8,-295.1,840.3,s_dog_dog_dug_hole,.,2.0,,exp_images/sentences/Dog-dug-passive.jpg,PWA,IMG_13,STIM_31,exp_images/images/dog_dug_hole.jpg,stimuli_list_subj_10_b.csv,experiment,IMG_13_P_PWA,PUNJABI,exp_images/audio\PUNJABI\p_dug.wav,subject,other,other,edf22_31,-2743730,exp_images/sentences/Dog-dug-passive.jpg,edf22|31|exp_images/sentences/Dog-dug-passive.jpg,5979.0,5343.0,13.0
edf22,saccade_edf22_2025_05_08_11_37.xls,31,Trial: 31,2751546,1536,35.56,,0.0,8,9014,10548,RIGHT,-11.6,-1751.8,153.8,914.4,626.6,.,s_dog_dog_dug_hole,,2.0,exp_images/sentences/Dog-dug-passive.jpg,PWA,IMG_13,STIM_31,exp_images/images/dog_dug_hole.jpg,stimuli_list_subj_10_b.csv,experiment,IMG_13_P_PWA,PUNJABI,exp_images/audio\PUNJABI\p_dug.wav,other,subject,other,edf22_31,-2742532,exp_images/sentences/Dog-dug-passive.jpg,edf22|31|exp_images/sentences/Dog-dug-passive.jpg,5979.0,5343.0,13.0
edf22,saccade_edf22_2025_05_08_11_37.xls,34,Trial: 34,2795346,926,13.78,96.18,402.63,1,4964,5888,LEFT,-167.07,1034.4,879.8,209.2,1067.2,.,.,,,exp_images/sentences/Folded-clothes-woa.jpg,PNA,IMG_06,STIM_42,exp_images/images/women_fold_clothes.jpg,stimuli_list_subj_10_b.csv,experiment,IMG_06_P_PNA,PUNJABI,exp_images/audio\PUNJABI\p_woa_clothes.wav,other,other,other,edf22_34,-2790382,exp_images/sentences/Folded-clothes-woa.jpg,edf22|34|exp_images/sentences/Folded-clothes-woa.jpg,7221.0,5331.0,11.0
edf22,saccade_edf22_2025_05_08_11_37.xls,34,Trial: 34,2795346,2234,14.59,135.87,430.05,5,6648,8880,UP,50.19,439.1,991.3,1003.3,318.8,.,s_woman_woman_folded_clothes,,3.0,exp_images/sentences/Folded-clothes-woa.jpg,PNA,IMG_06,STIM_42,exp_images/images/women_fold_clothes.jpg,stimuli_list_subj_10_b.csv,experiment,IMG_06_P_PNA,PUNJABI,exp_images/audio\PUNJABI\p_woa_clothes.wav,other,subject,other,edf22_34,-2788698,exp_images/sentences/Folded-clothes-woa.jpg,edf22|34|exp_images/sentences/Folded-clothes-woa.jpg,7221.0,5331.0,11.0
edf22,saccade_edf22_2025_05_08_11_37.xls,35,Trial: 35,2809916,906,1.53,131.4,1126.98,1,5670,6574,LEFT,148.98,1044.4,442.1,967.3,395.7,s_woman_woman_read_letter,s_woman_woman_read_letter,3.0,3.0,exp_images/sentences/Letter-woa.jpg,PNA,IMG_17,STIM_53,exp_images/images/women_read_letter.jpg,stimuli_list_subj_10_b.csv,experiment,IMG_17_P_PNA,PUNJABI,exp_images/audio\PUNJABI\p_woa_letter.wav,subject,subject,subject_to_subject,edf22_35,-2804246,exp_images/sentences/Letter-woa.jpg,edf22|35|exp_images/sentences/Letter-woa.jpg,7685.0,5334.0,20.0
edf22,saccade_edf22_2025_05_08_11_37.xls,36,Trial: 36,2824200,506,3.79,96.8,193.93,1,5042,5546,LEFT,155.21,608.4,871.8,398.1,776.1,o_lamp_girl_light_lamp,.,2.0,,exp_images/sentences/Lamp-woa.jpg,PNA,IMG_01,STIM_37,exp_images/images/girl_lighted_lamp.jpg,stimuli_list_subj_10_b.csv,experiment,IMG_01_P_PNA,PUNJABI,exp_images/audio\PUNJABI\p_woa_lamp.wav,object,other,other,edf22_36,-2819158,exp_images/sentences/Lamp-woa.jpg,edf22|36|exp_images/sentences/Lamp-woa.jpg,9075.0,4993.0,23.0
edf23,saccade_edf23_2025_05_10_10_15.xls,14,Trial: 14,757129,166,26.45,1484.17,2743.31,16,5702,5866,LEFT,178.25,954.2,707.3,-925.7,655.2,o_dog_girl_fed_dog,.,3.0,,UNDEFINED,UNDEFINED,IMG_16,UNDEFINED,exp_images/images/girl_fed_dog.jpg,UNDEFINED,free_view,UNDEFINED,UNDEFINED,UNDEFINED,object,other,other,edf23_14,-751427,UNDEFINED,edf23|14|UNDEFINED,,,
edf23,saccade_edf23_2025_05_10_10_15.xls,20,Trial: 20,831973,826,1.63,441.6,3221.03,9,8928,9752,LEFT,176.52,993.9,489.0,898.1,483.2,o_door_boy_opened_door,s_boy_boy_opened_door,3.0,2.0,exp_images/sentences/passive_boy_door.jpg,PWA,IMG_10,STIM_82,exp_images/images/boy_opened_door.jpg,stimuli_list_subj_11_b.csv,experiment,IMG_10_E_PWA,ENGLISH,exp_images/audio\ENGLISH\p_door.wav,object,subject,object_to_subject,edf23_20,-823045,exp_images/sentences/passive_boy_door.jpg,edf23|20|exp_images/sentences/passive_boy_door.jpg,3031.0,4873.0,10.0
edf23,saccade_edf23_2025_05_10_10_15.xls,20,Trial: 20,831973,136,,1005.94,2537.66,12,10646,10780,DOWN,,748.6,110.4,,,.,.,,,exp_images/sentences/passive_boy_door.jpg,PWA,IMG_10,STIM_82,exp_images/images/boy_opened_door.jpg,stimuli_list_subj_11_b.csv,experiment,IMG_10_E_PWA,ENGLISH,exp_images/audio\ENGLISH\p_door.wav,other,other,other,edf23_20,-821327,exp_images/sentences/passive_boy_door.jpg,edf23|20|exp_images/sentences/passive_boy_door.jpg,3031.0,4873.0,10.0
edf23,saccade_edf23_2025_05_10_10_15.xls,22,Trial: 22,861437,1188,31.24,505.45,2894.87,5,7118,8304,RIGHT,15.59,873.9,777.5,2741.2,268.6,.,.,,,exp_images/sentences/noagent_girl_dog.jpg,PNA,IMG_16,STIM_106,exp_images/images/girl_fed_dog.jpg,stimuli_list_subj_11_b.csv,experiment,IMG_16_E_PNA,ENGLISH,exp_images/audio\ENGLISH\p_woa_fed.wav,other,other,other,edf23_22,-854319,exp_images/sentences/noagent_girl_dog.jpg,edf23|22|exp_images/sentences/noagent_girl_dog.jpg,2671.0,4967.0,5.0
edf23,saccade_edf23_2025_05_10_10_15.xls,22,Trial: 22,861437,544,1.62,17.33,21.08,6,8360,8902,UP,62.37,2789.6,459.0,2840.3,369.0,.,.,,,exp_images/sentences/noagent_girl_dog.jpg,PNA,IMG_16,STIM_106,exp_images/images/girl_fed_dog.jpg,stimuli_list_subj_11_b.csv,experiment,IMG_16_E_PNA,ENGLISH,exp_images/audio\ENGLISH\p_woa_fed.wav,other,other,other,edf23_22,-853077,exp_images/sentences/noagent_girl_dog.jpg,edf23|22|exp_images/sentences/noagent_girl_dog.jpg,2671.0,4967.0,5.0
edf23,saccade_edf23_2025_05_10_10_15.xls,26,Trial: 26,919459,428,10.81,1665.83,5312.46,8,8606,9032,UP,61.77,842.2,774.5,1145.7,210.2,.,s_child_child_throw_frisbee,,2.0,exp_images/sentences/Frisbee.jpg,ACT,IMG_12,STIM_12,exp_images/images/child_throw_frisbee.jpg,stimuli_list_subj_11_b.csv,experiment,IMG_12_P_ACT,PUNJABI,exp_images/audio\PUNJABI\frisbee.wav,other,subject,other,edf23_26,-910853,exp_images/sentences/Frisbee.jpg,edf23|26|exp_images/sentences/Frisbee.jpg,3922.0,4954.0,6.0
edf23,saccade_edf23_2025_05_10_10_15.xls,34,Trial: 34,1035789,814,3.42,500.96,2591.33,11,9408,10220,RIGHT,-34.75,2417.8,213.5,2596.5,332.9,.,.,,,exp_images/sentences/active_woman_clothes.jpg,ACT,IMG_06,STIM_60,exp_images/images/women_fold_clothes.jpg,stimuli_list_subj_11_b.csv,experiment,IMG_06_E_ACT,ENGLISH,exp_images/audio\ENGLISH\clothes.wav,other,other,other,edf23_34,-1026381,exp_images/sentences/active_woman_clothes.jpg,edf23|34|exp_images/sentences/active_woman_clothes.jpg,3406.0,4194.0,10.0
edf23,saccade_edf23_2025_05_10_10_15.xls,35,Trial: 35,1049945,646,27.21,301.34,1080.31,3,6630,7274,RIGHT,16.18,961.5,422.2,2571.5,-34.7,s_woman_woman_read_letter,.,3.0,,exp_images/sentences/active_women_letter.jpg,ACT,IMG_17,STIM_71,exp_images/images/women_read_letter.jpg,stimuli_list_subj_11_b.csv,experiment,IMG_17_E_ACT,ENGLISH,exp_images/audio\ENGLISH\letter.wav,subject,other,other,edf23_35,-1043315,exp_images/sentences/active_women_letter.jpg,edf23|35|exp_images/sentences/active_women_letter.jpg,3365.0,4935.0,7.0
edf26,saccade_edf26_2025_05_16_14_16.xls,26,Trial: 26,871630,524,3.48,139.36,562.77,32,9540,10062,UP,76.0,1251.8,252.2,1298.6,64.8,.,.,,,exp_images/sentences/active_girl_sapling.jpg,ACT,IMG_03,STIM_57,exp_images/images/girl_plant_tree.jpg,stimuli_list_subj_2_a.csv,experiment,IMG_03_E_ACT,ENGLISH,exp_images/audio\ENGLISH\sapling.wav,other,other,other,edf26_26,-862090,exp_images/sentences/active_girl_sapling.jpg,edf26|26|exp_images/sentences/active_girl_sapling.jpg,2354.0,4408.0,2.0
edf26,saccade_edf26_2025_05_16_14_16.xls,26,Trial: 26,871630,572,15.55,930.64,4131.83,33,10124,10694,LEFT,-167.91,1282.7,88.9,411.6,272.5,.,.,,,exp_images/sentences/active_girl_sapling.jpg,ACT,IMG_03,STIM_57,exp_images/images/girl_plant_tree.jpg,stimuli_list_subj_2_a.csv,experiment,IMG_03_E_ACT,ENGLISH,exp_images/audio\ENGLISH\sapling.wav,other,other,other,edf26_26,-861506,exp_images/sentences/active_girl_sapling.jpg,edf26|26|exp_images/sentences/active_girl_sapling.jpg,2354.0,4408.0,2.0
edf26,saccade_edf26_2025_05_16_14_16.xls,28,Trial: 28,900720,606,18.53,782.14,3040.66,1,5308,5912,LEFT,-166.09,1413.4,35.2,380.3,286.9,.,.,,,exp_images/sentences/passive_dog_hole.jpg,PWA,IMG_13,STIM_85,exp_images/images/dog_dug_hole.jpg,stimuli_list_subj_2_a.csv,experiment,IMG_13_E_PWA,ENGLISH,exp_images/audio\ENGLISH\p_dug.wav,other,other,other,edf26_28,-895412,exp_images/sentences/passive_dog_hole.jpg,edf26|28|exp_images/sentences/passive_dog_hole.jpg,164.0,162.0,
edf26,saccade_edf26_2025_05_16_14_16.xls,28,Trial: 28,900720,4620,34.37,1051.24,3017.72,2,6078,10696,RIGHT,25.56,449.4,338.9,2289.5,-523.2,.,.,,,exp_images/sentences/passive_dog_hole.jpg,PWA,IMG_13,STIM_85,exp_images/images/dog_dug_hole.jpg,stimuli_list_subj_2_a.csv,experiment,IMG_13_E_PWA,ENGLISH,exp_images/audio\ENGLISH\p_dug.wav,other,other,other,edf26_28,-894642,exp_images/sentences/passive_dog_hole.jpg,edf26|28|exp_images/sentences/passive_dog_hole.jpg,164.0,162.0,
edf27,saccade_edf27_2025_05_16_14_46.xls,11,Trial: 11,2527584,554,5.26,516.37,2101.47,8,4804,5356,RIGHT,34.76,864.8,502.1,1100.8,338.0,.,s_child_child_throw_frisbee,,2.0,UNDEFINED,UNDEFINED,IMG_12,UNDEFINED,exp_images/images/child_throw_frisbee.jpg,UNDEFINED,free_view,UNDEFINED,UNDEFINED,UNDEFINED,other,subject,other,edf27_11,-2522780,UNDEFINED,edf27|11|UNDEFINED,,,
edf28,saccade_edf28_2025_06_10_18_45.xls,2,Trial: 2,26617576,146,0.68,1020.46,3818.1,5,2612,2756,UP,102.8,897.9,392.2,889.6,355.7,s_girl_girl_baked_cake,s_girl_girl_baked_cake,2.0,2.0,UNDEFINED,UNDEFINED,IMG_15,UNDEFINED,exp_images/images/girl_baked_cake.jpg,UNDEFINED,free_view,UNDEFINED,UNDEFINED,UNDEFINED,subject,subject,subject_to_subject,edf28_2,-26614964,UNDEFINED,edf28|2|UNDEFINED,,,
edf28,saccade_edf28_2025_06_10_18_45.xls,4,Trial: 4,26636490,204,1.92,1041.27,4638.19,13,3642,3844,UP,57.23,818.1,777.6,875.3,689.0,.,.,,,UNDEFINED,UNDEFINED,IMG_13,UNDEFINED,exp_images/images/dog_dug_hole.jpg,UNDEFINED,free_view,UNDEFINED,UNDEFINED,UNDEFINED,other,other,other,edf28_4,-26632848,UNDEFINED,edf28|4|UNDEFINED,,,
edf28,saccade_edf28_2025_06_10_18_45.xls,7,Trial: 7,26665402,194,1.07,1520.68,5922.81,12,5408,5600,LEFT,147.24,1079.8,408.8,1030.7,377.2,o_door_boy_opened_door,o_door_boy_opened_door,3.0,3.0,UNDEFINED,UNDEFINED,IMG_10,UNDEFINED,exp_images/images/boy_opened_door.jpg,UNDEFINED,free_view,UNDEFINED,UNDEFINED,UNDEFINED,object,object,object_to_object,edf28_7,-26659994,UNDEFINED,edf28|7|UNDEFINED,,,
edf28,saccade_edf28_2025_06_10_18_45.xls,14,Trial: 14,26732526,176,26.91,1290.93,3036.85,12,5580,5754,RIGHT,7.87,946.4,312.5,2480.2,103.5,s_woman_woman_folded_clothes,.,3.0,,UNDEFINED,UNDEFINED,IMG_06,UNDEFINED,exp_images/images/women_fold_clothes.jpg,UNDEFINED,free_view,UNDEFINED,UNDEFINED,UNDEFINED,subject,other,other,edf28_14,-26726946,UNDEFINED,edf28|14|UNDEFINED,,,
edf28,saccade_edf28_2025_06_10_18_45.xls,15,Trial: 15,26742054,192,0.56,1081.02,5910.47,3,2736,2926,DOWN,-75.59,903.1,492.7,910.7,522.2,o_bucket_boy_filled_bucket,o_bucket_boy_filled_bucket,2.0,2.0,UNDEFINED,UNDEFINED,IMG_09,UNDEFINED,exp_images/images/boy_filled_bucket.jpg,UNDEFINED,free_view,UNDEFINED,UNDEFINED,UNDEFINED,object,object,object_to_object,edf28_15,-26739318,UNDEFINED,edf28|15|UNDEFINED,,,
edf28,saccade_edf28_2025_06_10_18_45.xls,15,Trial: 15,26742054,114,13.34,1399.34,3813.07,9,5772,5884,DOWN,-96.09,909.5,455.1,824.5,1221.8,o_bucket_boy_filled_bucket,.,2.0,,UNDEFINED,UNDEFINED,IMG_09,UNDEFINED,exp_images/images/boy_filled_bucket.jpg,UNDEFINED,free_view,UNDEFINED,UNDEFINED,UNDEFINED,object,other,other,edf28_15,-26736282,UNDEFINED,edf28|15|UNDEFINED,,,
edf30,saccade_edf30_2025_07_03_18_37.xls,25,Trial: 25,1213485,152,1.23,1199.99,4205.27,4,7604,7754,RIGHT,22.63,1057.6,386.0,1122.5,358.9,o_box_man_pushed_box,o_box_man_pushed_box,2.0,2.0,exp_images/sentences/Pushed-box-passive.jpg,PWA,IMG_05,STIM_23,exp_images/images/man_pushed_box.jpg,stimuli_list_subj_6_a.csv,experiment,IMG_05_P_PWA,PUNJABI,exp_images/audio\PUNJABI\p_box.wav,object,object,object_to_object,edf30_25,-1205881,exp_images/sentences/Pushed-box-passive.jpg,edf30|25|exp_images/sentences/Pushed-box-passive.jpg,4247.0,4993.0,10.0
edf32,saccade_edf32_2025_08_11_17_44.xls,21,Trial: 21,1102691,228,6.64,1017.55,3031.55,7,8018,8244,DOWN,-96.34,968.3,323.2,925.9,701.0,s_woman_woman_folded_clothes,o_clothes_woman_folded_clothes,3.0,2.0,exp_images/sentences/Folded-clothes-passive.jpg,PWA,IMG_06,STIM_24,exp_images/images/women_fold_clothes.jpg,stimuli_list_subj_8_a.csv,experiment,IMG_06_P_PWA,PUNJABI,exp_images/audio\PUNJABI\p_clothes.wav,subject,object,subject_to_object,edf32_21,-1094673,exp_images/sentences/Folded-clothes-passive.jpg,edf32|21|exp_images/sentences/Folded-clothes-passive.jpg,4512.0,4992.0,12.0
edf37,saccade_edf37_2025_10_09_12_36.xls,35,Trial: 35,1345424,516,7.01,518.13,1620.56,4,7658,8172,UP,102.64,1039.4,604.7,958.9,245.0,o_letter_woman_read_letter,s_woman_woman_read_letter,2.0,3.0,exp_images/sentences/noagent_women_letter.jpg,PNA,IMG_17,STIM_107,exp_images/images/women_read_letter.jpg,stimuli_list_subj_1_b.csv,experiment,IMG_17_E_PNA,ENGLISH,exp_images/audio\ENGLISH\p_woa_letter.wav,object,subject,object_to_subject,edf37_35,-1337766,exp_images/sentences/noagent_women_letter.jpg,edf37|35|exp_images/sentences/noagent_women_letter.jpg,7834.0,5595.0,23.0
edf37,saccade_edf37_2025_10_09_12_36.xls,35,Trial: 35,1345424,902,2.97,739.66,2834.71,9,8952,9852,DOWN,-97.9,967.3,434.2,946.0,588.2,s_woman_woman_read_letter,o_letter_woman_read_letter,3.0,2.0,exp_images/sentences/noagent_women_letter.jpg,PNA,IMG_17,STIM_107,exp_images/images/women_read_letter.jpg,stimuli_list_subj_1_b.csv,experiment,IMG_17_E_PNA,ENGLISH,exp_images/audio\ENGLISH\p_woa_letter.wav,subject,object,subject_to_object,edf37_35,-1336472,exp_images/sentences/noagent_women_letter.jpg,edf37|35|exp_images/sentences/noagent_women_letter.jpg,7834.0,5595.0,23.0
edf38,saccade_edf38_2025_10_27_10_15.xls,3,Trial: 3,736072,48,3.42,1073.92,2315.72,2,1894,1940,LEFT,-165.08,839.3,575.9,652.5,625.1,s_dog_dog_dug_hole,s_dog_dog_dug_hole,2.0,2.0,UNDEFINED,UNDEFINED,IMG_13,UNDEFINED,exp_images/images/dog_dug_hole.jpg,UNDEFINED,free_view,UNDEFINED,UNDEFINED,UNDEFINED,subject,subject,subject_to_subject,edf38_3,-734178,UNDEFINED,edf38|3|UNDEFINED,,,
edf38,saccade_edf38_2025_10_27_10_15.xls,11,Trial: 11,813620,518,1.08,220.76,999.44,9,4766,5282,LEFT,-156.14,961.4,349.3,906.1,373.7,s_boy_boy_cut_vegetables,s_boy_boy_cut_vegetables,1.0,1.0,UNDEFINED,UNDEFINED,IMG_18,UNDEFINED,exp_images/images/boy_cut_vegetables.jpg,UNDEFINED,free_view,UNDEFINED,UNDEFINED,UNDEFINED,subject,subject,subject_to_subject,edf38_11,-808854,UNDEFINED,edf38|11|UNDEFINED,,,
edf39,saccade_edf39_2025_10_27_11_10.xls,7,Trial: 7,3984838,358,1.2,1049.21,5022.93,9,3958,4314,RIGHT,35.41,1174.8,526.5,1231.3,486.5,o_window_girl_opened_window,o_window_girl_opened_window,3.0,3.0,UNDEFINED,UNDEFINED,IMG_02,UNDEFINED,exp_images/images/girl_opened_window.jpg,UNDEFINED,free_view,UNDEFINED,UNDEFINED,UNDEFINED,object,object,object_to_object,edf39_7,-3980880,UNDEFINED,edf39|7|UNDEFINED,,,
edf48,saccade_edf48_2025_11_08_13_05.xls,3,Trial: 3,5250931,268,2.31,1145.53,3296.55,12,3938,4204,UP,90.88,1151.6,784.8,1149.6,654.4,o_hole_dog_dug_hole,.,3.0,,UNDEFINED,UNDEFINED,IMG_13,UNDEFINED,exp_images/images/dog_dug_hole.jpg,UNDEFINED,free_view,UNDEFINED,UNDEFINED,UNDEFINED,object,other,other,edf48_3,-5246993,UNDEFINED,edf48|3|UNDEFINED,,,
edf48,saccade_edf48_2025_11_08_13_05.xls,12,Trial: 12,5339381,218,6.3,1120.15,4752.1,5,2010,2226,UP,87.37,625.0,806.7,641.6,448.3,o_tree_girl_plant_tree,o_tree_girl_plant_tree,2.0,2.0,UNDEFINED,UNDEFINED,IMG_03,UNDEFINED,exp_images/images/girl_plant_tree.jpg,UNDEFINED,free_view,UNDEFINED,UNDEFINED,UNDEFINED,object,object,object_to_object,edf48_12,-5337371,UNDEFINED,edf48|12|UNDEFINED,,,
edf48,saccade_edf48_2025_11_08_13_05.xls,12,Trial: 12,5339381,58,20.51,1336.06,2807.85,8,3350,3406,UP,78.71,949.7,440.6,1183.8,-770.5,s_girl_girl_plant_tree,.,3.0,,UNDEFINED,UNDEFINED,IMG_03,UNDEFINED,exp_images/images/girl_plant_tree.jpg,UNDEFINED,free_view,UNDEFINED,UNDEFINED,UNDEFINED,subject,other,other,edf48_12,-5336031,UNDEFINED,edf48|12|UNDEFINED,,,
edf48,saccade_edf48_2025_11_08_13_05.xls,25,Trial: 25,5504519,204,6.97,1152.09,3814.86,5,6958,7160,UP,113.67,749.8,762.5,588.7,397.2,o_tree_girl_plant_tree,o_tree_girl_plant_tree,2.0,2.0,exp_images/sentences/Sapling-passive.jpg,PWA,IMG_03,STIM_21,exp_images/images/girl_plant_tree.jpg,stimuli_list_subj_12_b.csv,experiment,IMG_03_P_PWA,PUNJABI,exp_images/audio\PUNJABI\p_sapling.wav,object,object,object_to_object,edf48_25,-5497561,exp_images/sentences/Sapling-passive.jpg,edf48|25|exp_images/sentences/Sapling-passive.jpg,3748.0,4986.0,12.0
edf50,saccade_edf50_2025_11_08_14_00.xls,27,Trial: 27,8713787,520,7.22,218.68,441.62,5,7470,7988,DOWN,-47.97,955.2,204.3,1232.0,509.3,s_man_man_cut_shrub,s_man_man_cut_shrub,3.0,3.0,exp_images/sentences/active_man_shrub.jpg,ACT,IMG_04,STIM_58,exp_images/images/man_cut_shrub.jpg,stimuli_list_subj_2_a.csv,experiment,IMG_04_E_ACT,ENGLISH,exp_images/audio\ENGLISH\shrub.wav,subject,subject,subject_to_subject,edf50_27,-8706317,exp_images/sentences/active_man_shrub.jpg,edf50|27|exp_images/sentences/active_man_shrub.jpg,3358.0,4836.0,12.0
edf50,saccade_edf50_2025_11_08_14_00.xls,32,Trial: 32,8786601,526,1.14,254.01,574.01,5,7154,7678,LEFT,-167.73,860.7,372.5,797.7,386.2,s_girl_girl_baked_cake,s_girl_girl_baked_cake,2.0,2.0,exp_images/sentences/noagent_girl_cake.jpg,PNA,IMG_15,STIM_105,exp_images/images/girl_baked_cake.jpg,stimuli_list_subj_2_a.csv,experiment,IMG_15_E_PNA,ENGLISH,exp_images/audio\ENGLISH\p_woa_cake.wav,subject,subject,subject_to_subject,edf50_32,-8779447,exp_images/sentences/noagent_girl_cake.jpg,edf50|32|exp_images/sentences/noagent_girl_cake.jpg,3073.0,4663.0,8.0
edf50,saccade_edf50_2025_11_08_14_00.xls,32,Trial: 32,8786601,536,1.42,244.62,497.29,9,8768,9302,UP,70.09,908.5,613.3,935.9,537.4,o_cake_girl_baked_cake,o_cake_girl_baked_cake,3.0,3.0,exp_images/sentences/noagent_girl_cake.jpg,PNA,IMG_15,STIM_105,exp_images/images/girl_baked_cake.jpg,stimuli_list_subj_2_a.csv,experiment,IMG_15_E_PNA,ENGLISH,exp_images/audio\ENGLISH\p_woa_cake.wav,object,object,object_to_object,edf50_32,-8777833,exp_images/sentences/noagent_girl_cake.jpg,edf50|32|exp_images/sentences/noagent_girl_cake.jpg,3073.0,4663.0,8.0
